fluorochrome	type	nm	norm_intensity	source	num
1,8-ANS	em	472	100	th	1
1,8-ANS	ex	374	100	th	1
4-Di-10-ASP	em	591	100	th	1
4-Di-10-ASP	ex	476	100	th	1
7-AAD	em	647	100	bd	1
7-AAD	ex	549	100	bd	1
7-AAD	em	647	99	bl	1
7-AAD	ex	418	14	bl	1
7-AAD	ex	549	99	bl	2
7-AAD	em	647	100	th	1
7-AAD	ex	549	100	th	1
7-hydroxy-4-methylcoumarin	em	448	100	th	1
7-hydroxy-4-methylcoumarin	ex	360	100	th	1
AMC (7-amino-4-methylcoumarin)	em	443	100	th	1
AMC (7-amino-4-methylcoumarin)	ex	346	100	th	1
APC	em	659	100	bd	1
APC	em	720	19	bd	2
APC	ex	346	14	bd	1
APC	ex	652	100	bd	2
APC	em	660	100	bl	1
APC	ex	651	100	bl	1
APC	em	660	100	th	1
APC	ex	651	100	th	1
APC-AlexaFluor700	em	698	99	bl	1
APC-AlexaFluor700	ex	622	85	bl	1
APC-AlexaFluor700	ex	657	99	bl	2
APC-AlexaFluor750	em	663	17	bl	1
APC-AlexaFluor750	em	785	100	bl	2
APC-AlexaFluor750	ex	651	89	bl	1
APC-AlexaFluor750	ex	755	100	bl	2
APC-AlexaFluor750	em	663	17	th	1
APC-AlexaFluor750	em	785	100	th	2
APC-AlexaFluor750	ex	651	89	th	1
APC-AlexaFluor750	ex	755	100	th	2
APC-C750	em	782	100	bd	1
APC-C750	ex	395	100	bd	1
APC-C750	ex	653	63	bd	2
APC-C750	ex	756	100	bd	3
APC-Cy5.5	em	701	99	bl	1
APC-Cy5.5	ex	655	99	bl	1
APC-Cy5.5	em	701	100	th	1
APC-Cy5.5	ex	655	100	th	1
APC-Cy7	em	780	100	bd	1
APC-Cy7	ex	351	14	bd	1
APC-Cy7	ex	650	84	bd	2
APC-Cy7	ex	755	100	bd	3
APC-Cy7	em	658	54	bl	1
APC-Cy7	em	774	100	bl	2
APC-Cy7	ex	357	12	bl	1
APC-Cy7	ex	651	72	bl	2
APC-Cy7	ex	753	99	bl	3
APC-Cy7	em	663	35	th	1
APC-Cy7	em	782	100	th	2
APC-Cy7	ex	364	11	th	1
APC-Cy7	ex	652	100	th	2
APC-Cy7	ex	756	96	th	3
APC-Fire750	em	783	100	bd	1
APC-Fire750	ex	354	11	bd	1
APC-Fire750	ex	651	62	bd	2
APC-Fire750	ex	756	100	bd	3
APC-Fire750	em	657	42	bl	1
APC-Fire750	em	775	100	bl	2
APC-Fire750	ex	651	57	bl	1
APC-Fire750	ex	756	100	bl	2
APC-Fire750	em	788	100	th	1
APC-Fire750	ex	652	69	th	1
APC-Fire750	ex	755	100	th	2
APC-Fire810	em	660	14	bd	1
APC-Fire810	em	815	100	bd	2
APC-Fire810	ex	344	13	bd	1
APC-Fire810	ex	370	12	bd	2
APC-Fire810	ex	650	73	bd	3
APC-Fire810	ex	788	100	bd	4
APC-Fire810	em	807	100	bl	1
APC-Fire810	ex	650	65	bl	1
APC-Fire810	ex	787	100	bl	2
APC-Fire810	em	807	100	th	1
APC-Fire810	ex	650	65	th	1
APC-Fire810	ex	787	100	th	2
APC-H7	em	787	100	bd	1
APC-H7	ex	651	47	bd	1
APC-H7	ex	759	100	bd	2
APC-H7	em	655	23	bl	1
APC-H7	em	780	95	bl	2
APC-H7	ex	650	47	bl	1
APC-H7	ex	756	99	bl	2
APC-H7	em	787	100	th	1
APC-H7	ex	651	44	th	1
APC-H7	ex	760	100	th	2
APC-R700	em	709	100	bd	1
APC-R700	ex	345	14	bd	1
APC-R700	ex	651	100	bd	2
APC-R700	ex	685	97	bd	3
APC-R700	em	712	100	th	1
APC-R700	ex	654	100	th	1
APC-R700	ex	687	99	th	2
APC-Vio770	em	657	22	bd	1
APC-Vio770	em	776	100	bd	2
APC-Vio770	ex	350	15	bd	1
APC-Vio770	ex	650	100	bd	2
APC-Vio770	ex	756	96	bd	3
APC-Vio770	em	658	28	bl	1
APC-Vio770	em	775	95	bl	2
APC-Vio770	ex	651	52	bl	1
APC-Vio770	ex	762	98	bl	2
APC-Vio770	em	661	11	th	1
APC-Vio770	em	781	100	th	2
APC-Vio770	ex	651	96	th	1
APC-Vio770	ex	755	100	th	2
APC-eFluor780	em	659	14	bd	1
APC-eFluor780	em	784	100	bd	2
APC-eFluor780	ex	353	14	bd	1
APC-eFluor780	ex	651	84	bd	2
APC-eFluor780	ex	758	100	bd	3
APC-eFluor780	em	635	26	bl	1
APC-eFluor780	em	659	30	bl	2
APC-eFluor780	em	782	99	bl	3
APC-eFluor780	ex	356	12	bl	1
APC-eFluor780	ex	650	63	bl	2
APC-eFluor780	ex	756	99	bl	3
APC-eFluor780	em	634	28	th	1
APC-eFluor780	em	660	31	th	2
APC-eFluor780	em	784	100	th	3
APC-eFluor780	ex	355	12	th	1
APC-eFluor780	ex	650	65	th	2
APC-eFluor780	ex	756	100	th	3
APF	em	517	100	th	1
APF	ex	498	100	th	1
ATTO390	em	475	100	bl	1
ATTO390	ex	390	100	bl	1
ATTO425	em	485	100	bl	1
ATTO425	ex	439	100	bl	1
ATTO465	em	505	100	bl	1
ATTO465	ex	453	100	bl	1
ATTO488	em	521	99	bl	1
ATTO488	ex	309	17	bl	1
ATTO488	ex	500	100	bl	2
ATTO550	em	575	100	bl	1
ATTO550	ex	554	100	bl	1
ATTO590	em	622	100	bl	1
ATTO590	ex	592	100	bl	1
ATTO633	em	651	100	bl	1
ATTO633	ex	309	14	bl	1
ATTO633	ex	630	100	bl	2
ATTO647N	em	664	100	bl	1
ATTO647N	ex	319	13	bl	1
ATTO647N	ex	598	27	bl	2
ATTO647N	ex	646	100	bl	3
ATTO680	em	697	100	bl	1
ATTO680	ex	680	100	bl	1
AcridineOrange	em	526	100	th	1
AcridineOrange	ex	502	100	th	1
AlexaFluor350	em	442	100	th	1
AlexaFluor350	ex	343	100	th	1
AlexaFluor405	em	418	100	bd	1
AlexaFluor405	ex	377	79	bd	1
AlexaFluor405	ex	401	99	bd	2
AlexaFluor405	em	422	100	bl	1
AlexaFluor405	ex	378	75	bl	1
AlexaFluor405	ex	401	100	bl	2
AlexaFluor405	em	422	100	th	1
AlexaFluor405	ex	378	76	th	1
AlexaFluor405	ex	401	100	th	2
AlexaFluor420	em	511	100	th	1
AlexaFluor420	ex	427	100	th	1
AlexaFluor430	em	539	100	th	1
AlexaFluor430	ex	432	100	th	1
AlexaFluor488	em	517	100	bd	1
AlexaFluor488	ex	334	11	bd	1
AlexaFluor488	ex	494	100	bd	2
AlexaFluor488	em	520	100	bl	1
AlexaFluor488	ex	341	14	bl	1
AlexaFluor488	ex	499	99	bl	2
AlexaFluor488	em	520	100	th	1
AlexaFluor488	ex	341	15	th	1
AlexaFluor488	ex	499	100	th	2
AlexaFluor514	em	542	100	th	1
AlexaFluor514	ex	321	16	th	1
AlexaFluor514	ex	518	100	th	2
AlexaFluor532	em	551	100	bd	1
AlexaFluor532	ex	529	100	bd	1
AlexaFluor532	em	553	100	bl	1
AlexaFluor532	ex	331	16	bl	1
AlexaFluor532	ex	534	100	bl	2
AlexaFluor532	em	553	100	th	1
AlexaFluor532	ex	331	16	th	1
AlexaFluor532	ex	534	100	th	2
AlexaFluor546	em	573	100	th	1
AlexaFluor546	ex	526	33	th	1
AlexaFluor546	ex	561	100	th	2
AlexaFluor555	em	568	100	bl	1
AlexaFluor555	ex	521	50	bl	1
AlexaFluor555	ex	553	100	bl	2
AlexaFluor555	em	568	100	th	1
AlexaFluor555	ex	521	51	th	1
AlexaFluor555	ex	553	100	th	2
AlexaFluor561	em	570	100	bd	1
AlexaFluor561	em	609	43	bd	2
AlexaFluor561	ex	524	52	bd	1
AlexaFluor561	ex	557	100	bd	2
AlexaFluor561	em	569	100	th	1
AlexaFluor561	ex	523	51	th	1
AlexaFluor561	ex	556	100	th	2
AlexaFluor568	em	603	100	bl	1
AlexaFluor568	ex	579	100	bl	1
AlexaFluor568	em	603	100	th	1
AlexaFluor568	ex	579	100	th	1
AlexaFluor594	em	616	100	bd	1
AlexaFluor594	ex	374	13	bd	1
AlexaFluor594	ex	587	100	bd	2
AlexaFluor594	em	618	100	bl	1
AlexaFluor594	ex	377	11	bl	1
AlexaFluor594	ex	590	100	bl	2
AlexaFluor594	em	619	100	th	1
AlexaFluor594	ex	377	12	th	1
AlexaFluor594	ex	590	100	th	2
AlexaFluor610	em	630	100	th	1
AlexaFluor610	ex	565	34	th	1
AlexaFluor610	ex	611	100	th	2
AlexaFluor633	em	650	100	th	1
AlexaFluor633	em	708	29	th	2
AlexaFluor633	ex	581	36	th	1
AlexaFluor633	ex	632	100	th	2
AlexaFluor635	em	647	100	th	1
AlexaFluor635	ex	585	36	th	1
AlexaFluor635	ex	633	100	th	2
AlexaFluor647	em	670	100	bd	1
AlexaFluor647	ex	612	39	bd	1
AlexaFluor647	ex	652	100	bd	2
AlexaFluor647	em	671	100	bl	1
AlexaFluor647	ex	650	100	bl	1
AlexaFluor647	em	671	100	th	1
AlexaFluor647	ex	650	100	th	1
AlexaFluor647-PE	em	667	100	th	1
AlexaFluor647-PE	ex	306	11	th	1
AlexaFluor647-PE	ex	497	68	th	2
AlexaFluor647-PE	ex	568	100	th	3
AlexaFluor647-PE	ex	613	27	th	4
AlexaFluor647-PE	ex	654	54	th	5
AlexaFluor660	em	691	100	bd	1
AlexaFluor660	ex	334	12	bd	1
AlexaFluor660	ex	663	100	bd	2
AlexaFluor660	em	689	100	bl	1
AlexaFluor660	ex	616	58	bl	1
AlexaFluor660	ex	663	99	bl	2
AlexaFluor660	em	691	100	th	1
AlexaFluor660	ex	334	12	th	1
AlexaFluor660	ex	663	100	th	2
AlexaFluor680	em	704	100	th	1
AlexaFluor680	ex	680	100	th	1
AlexaFluor680-APC	em	703	100	th	1
AlexaFluor680-APC	ex	344	21	th	1
AlexaFluor680-APC	ex	655	100	th	2
AlexaFluor700	em	719	100	bd	1
AlexaFluor700	ex	696	100	bd	1
AlexaFluor700	em	719	100	bl	1
AlexaFluor700	ex	696	100	bl	1
AlexaFluor700	em	719	100	th	1
AlexaFluor700	ex	696	100	th	1
AlexaFluor750	em	776	100	th	1
AlexaFluor750	ex	752	100	th	1
AlexaFluor790	em	805	100	th	1
AlexaFluor790	ex	782	100	th	1
AlexaFluorPlus405	em	455	100	th	1
AlexaFluorPlus405	ex	404	100	th	1
AlexaFluorPlus488	em	518	100	th	1
AlexaFluorPlus488	ex	314	23	th	1
AlexaFluorPlus488	ex	493	100	th	2
AlexaFluorPlus555	em	572	100	th	1
AlexaFluorPlus555	ex	558	100	th	1
AlexaFluorPlus594	em	619	100	th	1
AlexaFluorPlus594	ex	377	12	th	1
AlexaFluorPlus594	ex	590	100	th	2
AlexaFluorPlus647	em	674	100	th	1
AlexaFluorPlus647	ex	658	100	th	1
AlexaFluorPlus680	em	704	100	th	1
AlexaFluorPlus680	ex	688	100	th	1
AlexaFluorPlus750	em	788	100	th	1
AlexaFluorPlus750	ex	758	100	th	1
AlexaFluorPlus800	em	794	100	th	1
AlexaFluorPlus800	ex	788	100	th	1
Aluora430	em	497	100	th	1
Aluora430	ex	426	100	th	1
Aluora488	em	518	100	th	1
Aluora488	ex	311	11	th	1
Aluora488	ex	493	100	th	2
Aluora514	em	528	100	th	1
Aluora514	ex	315	14	th	1
Aluora514	ex	512	100	th	2
Aluora555	em	567	100	th	1
Aluora555	ex	522	51	th	1
Aluora555	ex	553	100	th	2
Aluora594	em	615	100	th	1
Aluora594	ex	589	100	th	1
Aluora647	em	670	100	th	1
Aluora647	ex	652	100	th	1
Aluora700	em	706	100	th	1
Aluora700	ex	685	100	th	1
Aluora750	em	782	100	th	1
Aluora750	ex	757	100	th	1
AmCyan	em	490	100	bd	1
AmCyan	ex	458	100	bd	1
AmCyan	em	497	100	bl	1
AmCyan	ex	467	100	bl	1
AmethystOrange	em	538	100	bd	1
AmethystOrange	ex	308	100	bd	1
AmethystOrange	ex	394	100	bd	2
ApotrackerGreen	em	510	100	bl	1
ApotrackerGreen	ex	500	99	bl	1
BCECF@PH5.2	em	526	100	th	1
BCECF@PH5.2	ex	460	84	th	1
BCECF@PH5.2	ex	483	100	th	2
BOBO-1	em	484	100	th	1
BOBO-1	ex	311	58	th	1
BOBO-1	ex	461	100	th	2
BOBO-3	em	605	100	th	1
BOBO-3	ex	571	100	th	1
BODIPY_500_510	em	522	100	th	1
BODIPY_500_510	ex	358	23	th	1
BODIPY_500_510	ex	512	100	th	2
BODIPY_581_591	em	522	25	th	1
BODIPY_581_591	em	548	23	th	2
BODIPY_581_591	em	597	100	th	3
BODIPY_581_591	ex	550	36	th	1
BODIPY_581_591	ex	588	100	th	2
BODIPY_630_650	em	641	100	th	1
BODIPY_630_650	ex	625	100	th	1
BODIPY_650_665	em	664	100	th	1
BODIPY_650_665	ex	351	36	th	1
BODIPY_650_665	ex	646	100	th	2
BODIPY_FL	em	511	100	th	1
BODIPY_FL	ex	502	100	th	1
BODIPY_R6G	em	547	100	th	1
BODIPY_R6G	ex	528	100	th	1
BODIPY_TMR	em	570	100	th	1
BODIPY_TMR	ex	544	100	th	1
BODIPY_TR	em	621	100	th	1
BODIPY_TR	ex	312	29	th	1
BODIPY_TR	ex	588	100	th	2
BrilliantBlue515	em	512	100	bd	1
BrilliantBlue515	ex	311	20	bd	1
BrilliantBlue515	ex	339	12	bd	2
BrilliantBlue515	ex	490	100	bd	3
BrilliantBlue515	em	515	98	bl	1
BrilliantBlue515	ex	312	20	bl	1
BrilliantBlue515	ex	338	11	bl	2
BrilliantBlue515	ex	490	99	bl	3
BrilliantBlue515	em	514	100	th	1
BrilliantBlue515	ex	315	47	th	1
BrilliantBlue515	ex	490	100	th	2
BrilliantBlue630-P2	em	611	100	bd	1
BrilliantBlue630-P2	ex	323	57	bd	1
BrilliantBlue630-P2	ex	479	100	bd	2
BrilliantBlue630-P2	ex	592	48	bd	3
BrilliantBlue660-P2	em	657	100	bd	1
BrilliantBlue660-P2	ex	325	56	bd	1
BrilliantBlue660-P2	ex	478	100	bd	2
BrilliantBlue660-P2	ex	636	62	bd	3
BrilliantBlue700	em	693	100	bd	1
BrilliantBlue700	ex	324	59	bd	1
BrilliantBlue700	ex	478	100	bd	2
BrilliantBlue700	ex	671	63	bd	3
BrilliantBlue700	em	695	96	bl	1
BrilliantBlue700	ex	328	61	bl	1
BrilliantBlue700	ex	483	97	bl	2
BrilliantBlue700	ex	664	68	bl	3
BrilliantBlue700	em	695	100	th	1
BrilliantBlue700	ex	325	59	th	1
BrilliantBlue700	ex	476	100	th	2
BrilliantBlue700	ex	672	73	th	3
BrilliantBlue755-P	em	753	100	bd	1
BrilliantBlue755-P	ex	324	57	bd	1
BrilliantBlue755-P	ex	479	100	bd	2
BrilliantBlue755-P	ex	724	43	bd	3
BrilliantBlue790-P	em	786	100	bd	1
BrilliantBlue790-P	ex	326	63	bd	1
BrilliantBlue790-P	ex	484	100	bd	2
BrilliantBlue790-P	ex	754	49	bd	3
BrilliantUltraviolet395	em	394	100	bd	1
BrilliantUltraviolet395	ex	348	100	bd	1
BrilliantUltraviolet395	em	394	92	bl	1
BrilliantUltraviolet395	ex	348	99	bl	1
BrilliantUltraviolet395	em	399	100	th	1
BrilliantUltraviolet395	ex	347	100	th	1
BrilliantUltraviolet496	em	492	100	bd	1
BrilliantUltraviolet496	ex	350	100	bd	1
BrilliantUltraviolet496	em	499	98	bl	1
BrilliantUltraviolet496	ex	349	99	bl	1
BrilliantUltraviolet496	em	399	13	th	1
BrilliantUltraviolet496	em	493	100	th	2
BrilliantUltraviolet496	ex	348	100	th	1
BrilliantUltraviolet563	em	406	13	bd	1
BrilliantUltraviolet563	em	561	100	bd	2
BrilliantUltraviolet563	ex	350	100	bd	1
BrilliantUltraviolet563	ex	540	22	bd	2
BrilliantUltraviolet563	em	396	14	bl	1
BrilliantUltraviolet563	em	563	100	bl	2
BrilliantUltraviolet563	ex	349	99	bl	1
BrilliantUltraviolet563	ex	540	21	bl	2
BrilliantUltraviolet563	em	397	15	th	1
BrilliantUltraviolet563	em	563	100	th	2
BrilliantUltraviolet563	ex	349	100	th	1
BrilliantUltraviolet563	ex	540	22	th	2
BrilliantUltraviolet615	em	407	13	bd	1
BrilliantUltraviolet615	em	612	100	bd	2
BrilliantUltraviolet615	ex	351	100	bd	1
BrilliantUltraviolet615	ex	590	27	bd	2
BrilliantUltraviolet615	em	406	18	th	1
BrilliantUltraviolet615	em	607	100	th	2
BrilliantUltraviolet615	ex	350	100	th	1
BrilliantUltraviolet615	ex	589	26	th	2
BrilliantUltraviolet661	em	408	12	bd	1
BrilliantUltraviolet661	em	658	100	bd	2
BrilliantUltraviolet661	ex	351	100	bd	1
BrilliantUltraviolet661	ex	636	21	bd	2
BrilliantUltraviolet661	em	394	31	bl	1
BrilliantUltraviolet661	em	660	100	bl	2
BrilliantUltraviolet661	ex	349	99	bl	1
BrilliantUltraviolet661	ex	635	19	bl	2
BrilliantUltraviolet661	em	399	46	th	1
BrilliantUltraviolet661	em	659	100	th	2
BrilliantUltraviolet661	ex	349	100	th	1
BrilliantUltraviolet661	ex	636	18	th	2
BrilliantUltraviolet737	em	407	38	bd	1
BrilliantUltraviolet737	em	734	100	bd	2
BrilliantUltraviolet737	ex	350	100	bd	1
BrilliantUltraviolet737	ex	713	30	bd	2
BrilliantUltraviolet737	em	740	99	bl	1
BrilliantUltraviolet737	ex	350	99	bl	1
BrilliantUltraviolet737	ex	711	30	bl	2
BrilliantUltraviolet737	em	739	99	th	1
BrilliantUltraviolet737	ex	347	100	th	1
BrilliantUltraviolet737	ex	710	32	th	2
BrilliantUltraviolet805	em	408	84	bd	1
BrilliantUltraviolet805	em	803	100	bd	2
BrilliantUltraviolet805	ex	351	100	bd	1
BrilliantUltraviolet805	ex	721	19	bd	2
BrilliantUltraviolet805	ex	784	57	bd	3
BrilliantUltraviolet805	em	394	52	bl	1
BrilliantUltraviolet805	em	803	100	bl	2
BrilliantUltraviolet805	ex	348	100	bl	1
BrilliantUltraviolet805	ex	717	24	bl	2
BrilliantUltraviolet805	ex	785	64	bl	3
BrilliantUltraviolet805	em	394	52	th	1
BrilliantUltraviolet805	em	803	100	th	2
BrilliantUltraviolet805	ex	348	100	th	1
BrilliantUltraviolet805	ex	717	24	th	2
BrilliantUltraviolet805	ex	785	64	th	3
BrilliantViolet421	em	420	98	bd	1
BrilliantViolet421	em	446	43	bd	2
BrilliantViolet421	ex	408	100	bd	1
BrilliantViolet421	em	422	100	bl	1
BrilliantViolet421	em	447	40	bl	2
BrilliantViolet421	ex	407	100	bl	1
BrilliantViolet421	em	423	100	th	1
BrilliantViolet421	em	449	46	th	2
BrilliantViolet421	ex	304	25	th	1
BrilliantViolet421	ex	406	100	th	2
BrilliantViolet480	em	476	100	bd	1
BrilliantViolet480	em	506	64	bd	2
BrilliantViolet480	ex	441	100	bd	1
BrilliantViolet480	em	478	100	th	1
BrilliantViolet480	ex	437	100	th	1
BrilliantViolet510	em	513	100	bd	1
BrilliantViolet510	ex	325	99	bd	1
BrilliantViolet510	ex	404	100	bd	2
BrilliantViolet510	em	509	100	bl	1
BrilliantViolet510	ex	325	97	bl	1
BrilliantViolet510	ex	405	100	bl	2
BrilliantViolet510	em	505	100	th	1
BrilliantViolet510	ex	312	100	th	1
BrilliantViolet510	ex	404	53	th	2
BrilliantViolet570	em	571	100	bd	1
BrilliantViolet570	em	611	41	bd	2
BrilliantViolet570	ex	407	100	bd	1
BrilliantViolet570	ex	525	16	bd	2
BrilliantViolet570	ex	557	28	bd	3
BrilliantViolet570	em	421	22	bl	1
BrilliantViolet570	em	571	99	bl	2
BrilliantViolet570	ex	407	100	bl	1
BrilliantViolet570	ex	525	11	bl	2
BrilliantViolet570	ex	557	20	bl	3
BrilliantViolet570	em	423	19	th	1
BrilliantViolet570	em	574	100	th	2
BrilliantViolet570	ex	406	100	th	1
BrilliantViolet570	ex	525	15	th	2
BrilliantViolet570	ex	557	26	th	3
BrilliantViolet605	em	601	100	bd	1
BrilliantViolet605	em	647	42	bd	2
BrilliantViolet605	ex	407	100	bd	1
BrilliantViolet605	ex	550	16	bd	2
BrilliantViolet605	ex	587	26	bd	3
BrilliantViolet605	em	422	11	bl	1
BrilliantViolet605	em	602	100	bl	2
BrilliantViolet605	em	648	43	bl	3
BrilliantViolet605	ex	407	100	bl	1
BrilliantViolet605	ex	550	11	bl	2
BrilliantViolet605	ex	587	19	bl	3
BrilliantViolet605	em	602	100	th	1
BrilliantViolet605	ex	309	52	th	1
BrilliantViolet605	ex	406	100	th	2
BrilliantViolet605	ex	551	15	th	3
BrilliantViolet605	ex	587	25	th	4
BrilliantViolet650	em	646	100	bd	1
BrilliantViolet650	ex	407	100	bd	1
BrilliantViolet650	ex	620	13	bd	2
BrilliantViolet650	em	422	19	bl	1
BrilliantViolet650	em	646	100	bl	2
BrilliantViolet650	ex	407	100	bl	1
BrilliantViolet650	ex	620	12	bl	2
BrilliantViolet650	em	423	16	th	1
BrilliantViolet650	em	646	100	th	2
BrilliantViolet650	ex	407	100	th	1
BrilliantViolet650	ex	620	18	th	2
BrilliantViolet711	em	422	12	bd	1
BrilliantViolet711	em	711	100	bd	2
BrilliantViolet711	ex	407	100	bd	1
BrilliantViolet711	ex	690	24	bd	2
BrilliantViolet711	em	712	100	bl	1
BrilliantViolet711	ex	406	100	bl	1
BrilliantViolet711	ex	689	24	bl	2
BrilliantViolet711	em	422	35	th	1
BrilliantViolet711	em	446	18	th	2
BrilliantViolet711	em	711	100	th	3
BrilliantViolet711	ex	407	100	th	1
BrilliantViolet711	ex	690	22	th	2
BrilliantViolet750	em	421	13	bd	1
BrilliantViolet750	em	752	100	bd	2
BrilliantViolet750	ex	408	100	bd	1
BrilliantViolet750	ex	728	23	bd	2
BrilliantViolet750	em	449	40	bl	1
BrilliantViolet750	em	747	100	bl	2
BrilliantViolet750	ex	407	99	bl	1
BrilliantViolet750	ex	727	22	bl	2
BrilliantViolet750	em	425	18	th	1
BrilliantViolet750	em	749	100	th	2
BrilliantViolet750	em	870	18	th	3
BrilliantViolet750	em	888	19	th	4
BrilliantViolet750	ex	406	100	th	1
BrilliantViolet750	ex	720	27	th	2
BrilliantViolet785	em	422	28	bd	1
BrilliantViolet785	em	445	13	bd	2
BrilliantViolet785	em	782	100	bd	3
BrilliantViolet785	ex	407	100	bd	1
BrilliantViolet785	ex	750	30	bd	2
BrilliantViolet785	em	424	23	bl	1
BrilliantViolet785	em	445	13	bl	2
BrilliantViolet785	em	788	98	bl	3
BrilliantViolet785	em	847	37	bl	4
BrilliantViolet785	ex	406	100	bl	1
BrilliantViolet785	ex	757	35	bl	2
BrilliantViolet785	em	420	100	th	1
BrilliantViolet785	em	448	50	th	2
BrilliantViolet785	em	779	84	th	3
BrilliantViolet785	ex	406	100	th	1
BrilliantViolet785	ex	750	29	th	2
BrilliantViolet786	em	421	30	bd	1
BrilliantViolet786	em	447	14	bd	2
BrilliantViolet786	em	783	100	bd	3
BrilliantViolet786	ex	407	100	bd	1
BrilliantViolet786	ex	750	29	bd	2
BrilliantViolet786	em	424	23	bl	1
BrilliantViolet786	em	445	13	bl	2
BrilliantViolet786	em	788	98	bl	3
BrilliantViolet786	em	847	37	bl	4
BrilliantViolet786	ex	406	100	bl	1
BrilliantViolet786	ex	757	35	bl	2
BrilliantViolet786	em	424	22	th	1
BrilliantViolet786	em	788	100	th	2
BrilliantViolet786	em	849	39	th	3
BrilliantViolet786	ex	405	100	th	1
BrilliantViolet786	ex	757	36	th	2
BrilliantYellowGreen584-P	em	580	100	bd	1
BrilliantYellowGreen584-P	ex	525	33	bd	1
BrilliantYellowGreen584-P	ex	563	100	bd	2
CFP	em	477	100	bl	1
CFP	em	502	90	bl	2
CFP	ex	435	100	bl	1
CFP	ex	452	96	bl	2
CFP	em	476	100	th	1
CFP	em	504	96	th	2
CFP	ex	434	100	th	1
CFP	ex	453	99	th	2
CFSE	em	517	100	bd	1
CFSE	ex	498	100	bd	1
CFSE	em	516	99	bl	1
CFSE	ex	492	99	bl	1
CFSE	em	517	100	th	1
CFSE	ex	498	100	th	1
CalceinAM	em	515	100	bd	1
CalceinAM	ex	494	100	bd	1
CalceinAM	em	514	100	bl	1
CalceinAM	ex	494	100	bl	1
CalceinAM	em	515	100	th	1
CalceinAM	ex	494	100	th	1
CalceinBlueAM	em	440	100	bd	1
CalceinBlueAM	ex	354	100	bd	1
CalceinBlueAM	em	448	100	th	1
CalceinBlueAM	ex	360	100	th	1
CalceinRedAM	em	576	100	bl	1
CalceinRedAM	ex	303	41	bl	1
CalceinRedAM	ex	563	100	bl	2
CalceinRedOrangeAM	em	592	100	th	1
CalceinRedOrangeAM	ex	575	100	th	1
CalceinVioletAM	em	452	100	bl	1
CalceinVioletAM	ex	400	100	bl	1
CalceinVioletAM	em	452	100	th	1
CalceinVioletAM	ex	401	100	th	1
CalciumCrimson (CalciumBound)	em	608	100	th	1
CalciumCrimson (CalciumBound)	ex	589	100	th	1
CalciumGreen	em	530	100	th	1
CalciumGreen	ex	335	18	th	1
CalciumGreen	ex	507	100	th	2
CalciumOrange	em	574	100	th	1
CalciumOrange	ex	353	11	th	1
CalciumOrange	ex	549	100	th	2
CalciumSensorDyeeFluor514	em	516	100	th	1
CalciumSensorDyeeFluor514	ex	494	100	th	1
CascadeBlue	em	419	100	bl	1
CascadeBlue	ex	380	78	bl	1
CascadeBlue	ex	401	100	bl	2
CascadeBlue	em	419	100	th	1
CascadeBlue	ex	380	79	th	1
CascadeBlue	ex	402	100	th	2
CascadeYellow	em	549	100	bl	1
CascadeYellow	ex	399	100	bl	1
CaspGLOWFluoresceinActiveCaspase-3Assay	em	517	100	th	1
CaspGLOWFluoresceinActiveCaspase-3Assay	ex	498	100	th	1
CaspGLOWFluoresceinActiveCaspase-8Assay	em	517	100	th	1
CaspGLOWFluoresceinActiveCaspase-8Assay	ex	498	100	th	1
CaspGLOWFluoresceinActiveCaspase-9Assay	em	517	100	th	1
CaspGLOWFluoresceinActiveCaspase-9Assay	ex	498	100	th	1
CaspGLOWFluoresceinActiveCaspaseAssay	em	517	100	th	1
CaspGLOWFluoresceinActiveCaspaseAssay	ex	498	100	th	1
CellEventCaspase-3_7GreenAssay	em	533	100	th	1
CellEventCaspase-3_7GreenAssay	ex	511	100	th	1
CellEventRed	em	609	100	th	1
CellEventRed	ex	588	100	th	1
CellEventSenescenceGreen	em	519	100	th	1
CellEventSenescenceGreen	ex	498	100	th	1
CellMaskDeepRedActin	em	671	100	th	1
CellMaskDeepRedActin	ex	652	100	th	1
CellMaskDeepRedPlasmaMembraneStain	em	677	99	th	1
CellMaskDeepRedPlasmaMembraneStain	ex	659	100	th	1
CellMaskGreenActin	em	513	100	th	1
CellMaskGreenActin	ex	505	100	th	1
CellMaskOrangeActin	em	572	100	th	1
CellMaskOrangeActin	ex	543	100	th	1
CellMaskOrangePlasmaMembraneStain	em	571	100	th	1
CellMaskOrangePlasmaMembraneStain	em	608	47	th	2
CellMaskOrangePlasmaMembraneStain	ex	524	57	th	1
CellMaskOrangePlasmaMembraneStain	ex	556	100	th	2
CellProliferationDyeeFluor450	em	449	100	th	1
CellProliferationDyeeFluor450	ex	409	100	th	1
CellProliferationDyeeFluor670	em	633	41	th	1
CellProliferationDyeeFluor670	em	672	100	th	2
CellProliferationDyeeFluor670	ex	653	100	th	1
CellROXDeepRed	em	663	100	th	1
CellROXDeepRed	ex	603	34	th	1
CellROXDeepRed	ex	646	100	th	2
CellROXGreen	em	525	100	th	1
CellROXGreen	ex	507	100	th	1
CellROXOrange	em	571	100	th	1
CellROXOrange	ex	553	100	th	1
CellTraceBlue	em	407	100	bd	1
CellTraceBlue	ex	362	100	bd	1
CellTraceBlue	em	409	100	th	1
CellTraceBlue	ex	368	100	th	1
CellTraceCalceinViolet	em	452	100	bl	1
CellTraceCalceinViolet	ex	401	100	bl	1
CellTraceFarRed	em	657	100	th	1
CellTraceFarRed	ex	630	100	th	1
CellTraceOregonGreen	em	526	100	th	1
CellTraceOregonGreen	ex	331	18	th	1
CellTraceOregonGreen	ex	498	100	th	2
CellTraceViolet	em	454	100	bd	1
CellTraceViolet	ex	392	100	bd	1
CellTraceViolet	em	456	100	bl	1
CellTraceViolet	ex	392	100	bl	1
CellTraceViolet	em	456	100	th	1
CellTraceViolet	ex	392	100	th	1
CellTraceYellow	em	578	100	th	1
CellTraceYellow	ex	552	100	th	1
CellTrackerBlueCMF2HC	em	448	100	th	1
CellTrackerBlueCMF2HC	ex	360	100	th	1
CellTrackerBlueCMHC	em	448	100	th	1
CellTrackerBlueCMHC	ex	360	100	th	1
CellTrackerCM-Dil	em	569	100	th	1
CellTrackerCM-Dil	ex	520	60	th	1
CellTrackerCM-Dil	ex	551	100	th	2
CellTrackerDeepRed	em	657	100	th	1
CellTrackerDeepRed	ex	630	100	th	1
CellTrackerGreenCMFDA	em	517	100	th	1
CellTrackerGreenCMFDA	ex	498	100	th	1
CellTrackerOrangeCMTMR	em	578	100	th	1
CellTrackerOrangeCMTMR	ex	552	100	th	1
CellTrackerRedCMTPX	em	613	100	th	1
CellTrackerRedCMTPX	ex	585	100	th	1
Cy3	em	566	100	bl	1
Cy3	ex	521	53	bl	1
Cy3	ex	554	100	bl	2
Cy3	em	566	100	th	1
Cy3	ex	521	54	th	1
Cy3	ex	553	100	th	2
Cy3.5	em	590	100	th	1
Cy3.5	em	636	45	th	2
Cy3.5	ex	540	63	th	1
Cy3.5	ex	577	100	th	2
Cy5	em	664	99	bl	1
Cy5	ex	645	99	bl	1
Cy5	em	663	100	th	1
Cy5	ex	603	34	th	1
Cy5	ex	646	100	th	2
Cy7	em	776	100	th	1
Cy7	ex	751	100	th	1
CyQuant	em	523	100	th	1
CyQuant	ex	502	100	th	1
CytophaseViolet	em	444	100	bl	1
CytophaseViolet	ex	368	100	bl	1
DAF-FM	em	519	100	th	1
DAF-FM	ex	495	100	th	1
DAPI	em	462	100	bd	1
DAPI	ex	358	100	bd	1
DAPI	em	461	100	bl	1
DAPI	ex	359	100	bl	1
DAPI	em	462	100	th	1
DAPI	ex	359	100	th	1
DCF	em	525	100	th	1
DCF	ex	504	100	th	1
DDAO	em	657	100	th	1
DDAO	ex	314	28	th	1
DDAO	ex	648	100	th	2
DRAQ5	em	694	100	bd	1
DRAQ5	ex	597	100	bd	1
DRAQ5	ex	642	88	bd	2
DRAQ5	em	678	100	bl	1
DRAQ5	ex	305	42	bl	1
DRAQ5	ex	597	100	bl	2
DRAQ5	ex	643	88	bl	3
DRAQ5	em	696	100	th	1
DRAQ5	ex	597	100	th	1
DRAQ5	ex	642	88	th	2
DRAQ7	em	694	100	bd	1
DRAQ7	ex	598	100	bd	1
DRAQ7	ex	644	82	bd	2
DRAQ7	em	676	100	bl	1
DRAQ7	ex	305	42	bl	1
DRAQ7	ex	598	100	bl	2
DRAQ7	ex	644	82	bl	3
Dansyl	em	526	100	th	1
Dansyl	ex	334	100	th	1
Dapoxyl	em	580	100	th	1
Dapoxyl	ex	373	100	th	1
DeepRedActin	em	512	100	th	1
DeepRedActin	ex	505	100	th	1
Di-2-ANEPEQ (JPW1114)	em	700	100	th	1
Di-2-ANEPEQ (JPW1114)	ex	489	100	th	1
Di-3-ANEPPDHQ	em	682	100	th	1
Di-3-ANEPPDHQ	ex	484	100	th	1
Di-4-ANEPPDHQ	em	679	100	th	1
Di-4-ANEPPDHQ	ex	484	100	th	1
Di-4-ANEPPS	em	685	100	th	1
Di-4-ANEPPS	ex	482	100	th	1
Di-8-ANEPPS	em	631	100	th	1
Di-8-ANEPPS	ex	311	51	th	1
Di-8-ANEPPS	ex	467	100	th	2
DiA	em	586	100	th	1
DiA	ex	455	100	th	1
DiD	em	670	100	th	1
DiD	ex	648	100	th	1
DiFMU (pH3.0)	em	450	100	th	1
DiFMU (pH3.0)	ex	320	100	th	1
DiFMU (pH9.0)	em	450	100	th	1
DiFMU (pH9.0)	ex	358	100	th	1
DiI	em	569	100	th	1
DiI	ex	520	60	th	1
DiI	ex	551	100	th	2
DiO	em	506	100	th	1
DiO	ex	489	100	th	1
DiR	em	783	100	th	1
DiR	ex	750	100	th	1
Dibromobimane (bBBr)	em	490	100	th	1
Dibromobimane (bBBr)	ex	395	100	th	1
Dihydroethidium	em	582	100	th	1
Dihydroethidium	ex	380	60	th	1
Dihydroethidium	ex	499	100	th	2
DsRed	em	583	100	th	1
DsRed	ex	335	12	th	1
DsRed	ex	487	26	th	2
DsRed	ex	559	100	th	3
DsRedDimer2	em	579	100	th	1
DsRedDimer2	ex	335	13	th	1
DsRedDimer2	ex	554	100	th	2
DsRedExpress	em	588	100	bl	1
DsRedExpress	ex	484	38	bl	1
DsRedExpress	ex	555	100	bl	2
DsRedExpress	em	583	100	th	1
DsRedExpress	ex	334	13	th	1
DsRedExpress	ex	477	77	th	2
DsRedExpress	ex	556	82	th	3
DyLight350	em	432	100	th	1
DyLight350	ex	353	100	th	1
DyLight405	em	434	99	bl	1
DyLight405	ex	378	75	bl	1
DyLight405	ex	400	98	bl	2
DyLight405	em	423	100	th	1
DyLight405	ex	378	87	th	1
DyLight405	ex	400	99	th	2
DyLight488	em	520	100	bl	1
DyLight488	ex	492	100	bl	1
DyLight488	em	520	100	th	1
DyLight488	ex	493	100	th	1
DyLight510-LS	em	572	100	th	1
DyLight510-LS	ex	325	19	th	1
DyLight510-LS	ex	494	100	th	2
DyLight515-LS	em	658	100	th	1
DyLight515-LS	ex	323	16	th	1
DyLight515-LS	ex	522	100	th	2
DyLight521-LS	em	673	100	th	1
DyLight521-LS	em	766	15	th	2
DyLight521-LS	ex	329	13	th	1
DyLight521-LS	ex	533	100	th	2
DyLight549	em	568	100	bl	1
DyLight549	ex	520	49	bl	1
DyLight549	ex	553	100	bl	2
DyLight549	em	569	100	th	1
DyLight549	ex	520	50	th	1
DyLight549	ex	553	100	th	2
DyLight550	em	570	100	th	1
DyLight550	ex	525	52	th	1
DyLight550	ex	556	100	th	2
DyLight594	em	616	99	bl	1
DyLight594	ex	591	99	bl	1
DyLight594	em	614	100	th	1
DyLight594	ex	371	14	th	1
DyLight594	ex	394	12	th	2
DyLight594	ex	587	100	th	3
DyLight633	em	649	100	bl	1
DyLight633	ex	621	100	bl	1
DyLight633	em	649	100	th	1
DyLight633	ex	620	100	th	1
DyLight649	em	673	100	bl	1
DyLight649	ex	651	100	bl	1
DyLight650	em	678	99	bl	1
DyLight650	ex	652	99	bl	1
DyLight650	em	673	100	th	1
DyLight650	ex	651	100	th	1
DyLight680	em	705	100	bl	1
DyLight680	ex	676	100	bl	1
DyLight680	em	706	100	th	1
DyLight680	ex	676	100	th	1
DyLight755	em	773	100	th	1
DyLight755	ex	754	100	th	1
DyLight800	em	785	100	th	1
DyLight800	ex	770	100	th	1
DyeCycleGreen	em	533	100	th	1
DyeCycleGreen	ex	506	100	th	1
DyeCycleOrange	em	563	100	th	1
DyeCycleOrange	ex	518	100	th	1
DyeCycleViolet	em	436	100	th	1
DyeCycleViolet	ex	370	100	th	1
ECD	em	618	100	bl	1
ECD	ex	498	61	bl	1
ECD	ex	566	99	bl	2
ECD	em	562	25	th	1
ECD	em	614	100	th	2
ECD	ex	307	17	th	1
ECD	ex	373	13	th	2
ECD	ex	496	67	th	3
ECD	ex	566	100	th	4
ECD	ex	611	17	th	5
ELF97	em	536	100	th	1
ELF97	ex	343	94	th	1
ER-TrackerBlue-WhiteDPX	em	550	100	th	1
ER-TrackerBlue-WhiteDPX	ex	372	100	th	1
ER-TrackerGreen	em	511	100	th	1
ER-TrackerGreen	ex	502	100	th	1
EndoplasmicReticulumProbeGreen	em	511	100	bl	1
EndoplasmicReticulumProbeGreen	ex	503	100	bl	1
EndoplasmicReticulumProbeRed	em	620	100	bl	1
EndoplasmicReticulumProbeRed	em	707	11	bl	2
EndoplasmicReticulumProbeRed	ex	588	100	bl	1
Eosin	em	545	100	th	1
Eosin	ex	525	100	th	1
EpoxideHydrolaseSubstrate	em	450	100	th	1
EpoxideHydrolaseSubstrate	ex	358	100	th	1
EthidiumHomodimer	em	618	100	th	1
EthidiumHomodimer	ex	528	100	th	1
FITC	em	516	100	bd	1
FITC	ex	494	100	bd	1
FITC	em	517	100	bl	1
FITC	ex	355	10	bl	1
FITC	ex	498	100	bl	2
FITC	em	517	100	th	1
FITC	ex	498	100	th	1
FM1-43	em	579	100	th	1
FM1-43	ex	473	100	th	1
FM2-10	em	609	100	th	1
FM2-10	ex	484	100	th	1
FM4-64	em	726	100	th	1
FM4-64	ex	344	36	th	1
FM4-64	ex	506	100	th	2
FM5-95	em	771	100	th	1
FM5-95	em	790	100	th	2
FM5-95	ex	528	100	th	1
FVS440UV	em	428	100	bd	1
FVS440UV	ex	336	100	bd	1
FVS450	em	443	100	bd	1
FVS450	ex	419	100	bd	1
FVS510	em	508	100	bd	1
FVS510	ex	411	100	bd	1
FVS520	em	521	100	bd	1
FVS520	ex	322	16	bd	1
FVS520	ex	494	100	bd	2
FVS570	em	567	100	bd	1
FVS570	em	606	42	bd	2
FVS570	ex	523	51	bd	1
FVS570	ex	556	100	bd	2
FVS575V	em	586	100	bd	1
FVS575V	ex	396	100	bd	1
FVS620	em	622	100	bd	1
FVS620	ex	341	37	bd	1
FVS620	ex	376	18	bd	2
FVS620	ex	524	100	bd	3
FVS660	em	663	100	bd	1
FVS660	ex	648	100	bd	1
FVS700	em	693	100	bd	1
FVS700	ex	621	86	bd	1
FVS700	ex	657	100	bd	2
FVS780	em	778	100	bd	1
FVS780	ex	753	100	bd	1
FastBlue	em	753	100	th	1
FastBlue	ex	343	47	th	1
FastBlue	ex	361	48	th	2
FastBlue	ex	610	97	th	3
FastBlue	ex	628	95	th	4
FastBlue	ex	663	100	th	5
FilmTracerCalceinRedOrange	em	592	100	th	1
FilmTracerCalceinRedOrange	ex	575	100	th	1
FilmTracerCalceinViolet	em	452	100	th	1
FilmTracerCalceinViolet	ex	401	100	th	1
FixableViabilityDyeeFluor450	em	445	100	bl	1
FixableViabilityDyeeFluor450	ex	405	100	bl	1
FixableViabilityDyeeFluor450	em	445	100	th	1
FixableViabilityDyeeFluor450	ex	405	100	th	1
FixableViabilityDyeeFluor455UV	em	455	100	bl	1
FixableViabilityDyeeFluor455UV	ex	348	100	bl	1
FixableViabilityDyeeFluor455UV	em	455	100	th	1
FixableViabilityDyeeFluor455UV	ex	347	100	th	1
FixableViabilityDyeeFluor506	em	505	99	bl	1
FixableViabilityDyeeFluor506	ex	410	84	bl	1
FixableViabilityDyeeFluor506	em	505	99	th	1
FixableViabilityDyeeFluor506	ex	410	84	th	1
FixableViabilityDyeeFluor520	em	521	99	bl	1
FixableViabilityDyeeFluor520	ex	321	14	bl	1
FixableViabilityDyeeFluor520	ex	493	99	bl	2
FixableViabilityDyeeFluor520	em	523	100	th	1
FixableViabilityDyeeFluor520	ex	322	14	th	1
FixableViabilityDyeeFluor520	ex	493	100	th	2
FixableViabilityDyeeFluor660	em	657	100	th	1
FixableViabilityDyeeFluor660	ex	643	100	th	1
FixableViabilityDyeeFluor780	em	785	100	bl	1
FixableViabilityDyeeFluor780	ex	754	100	bl	1
FixableViabilityDyeeFluor780	em	786	100	th	1
FixableViabilityDyeeFluor780	ex	753	100	th	1
FlAsH	em	531	100	th	1
FlAsH	ex	511	100	th	1
FlashPhalloidinGreen488	em	520	100	bl	1
FlashPhalloidinGreen488	ex	495	100	bl	1
FlashPhalloidinNIR647	em	666	100	bl	1
FlashPhalloidinNIR647	ex	647	100	bl	1
FlashPhalloidinRed594	em	611	100	bl	1
FlashPhalloidinRed594	ex	551	34	bl	1
FlashPhalloidinRed594	ex	591	100	bl	2
Fluo-3 (CalciumBound)	em	527	100	th	1
Fluo-3 (CalciumBound)	ex	507	100	th	1
Fluo-4 (CalciumBound)	em	516	100	th	1
Fluo-4 (CalciumBound)	ex	494	100	th	1
Fluo-4AM	em	516	100	bd	1
Fluo-4AM	ex	494	100	bd	1
FluoSpheresBlueFluorescentMicrospheres	em	413	100	th	1
FluoSpheresBlueFluorescentMicrospheres	ex	356	100	th	1
FluoSpheresCrimsonFluorescentMicrospheres	em	646	100	th	1
FluoSpheresCrimsonFluorescentMicrospheres	ex	620	100	th	1
FluoSpheresDarkRedFluorescentMicrospheres	em	684	100	th	1
FluoSpheresDarkRedFluorescentMicrospheres	ex	656	100	th	1
FluoSpheresNileRedFluorescentMicrospheres	em	639	100	th	1
FluoSpheresNileRedFluorescentMicrospheres	ex	536	100	th	1
FluoSpheresOrangeFluorescentMicrospheres	em	560	100	th	1
FluoSpheresOrangeFluorescentMicrospheres	ex	540	100	th	1
FluoSpheresRedFluorescentMicrospheres	em	607	100	th	1
FluoSpheresRedFluorescentMicrospheres	ex	577	100	th	1
FluoSpheresYellowGreenFluorescentMicrospheres	em	514	100	th	1
FluoSpheresYellowGreenFluorescentMicrospheres	ex	503	100	th	1
FluoroMyelinGreenFluorescentMyelin	em	579	100	th	1
FluoroMyelinGreenFluorescentMyelin	ex	473	100	th	1
FluoroMyelinRedFluorescentMyelin	em	726	100	th	1
FluoroMyelinRedFluorescentMyelin	ex	344	36	th	1
FluoroMyelinRedFluorescentMyelin	ex	506	100	th	2
FluxORRed	em	576	100	th	1
FluxORRed	ex	552	100	th	1
FluxORThalliumIndicator	em	521	100	th	1
FluxORThalliumIndicator	ex	492	100	th	1
FocalCheckBlueRing	em	413	100	th	1
FocalCheckBlueRing	ex	356	100	th	1
FocalCheckDarkRedRing	em	684	100	th	1
FocalCheckDarkRedRing	ex	656	100	th	1
GFP	em	508	100	bl	1
GFP	ex	489	100	bl	1
GFP	em	508	100	th	1
GFP	ex	489	100	th	1
GreenActin	em	512	100	th	1
GreenActin	ex	505	100	th	1
HCSCellMaskBlueStain	em	444	100	th	1
HCSCellMaskBlueStain	ex	347	100	th	1
HCSCellMaskDeepRedStain	em	670	100	th	1
HCSCellMaskDeepRedStain	ex	649	100	th	1
HCSCellMaskGreenStain	em	517	100	th	1
HCSCellMaskGreenStain	ex	308	23	th	1
HCSCellMaskGreenStain	ex	334	11	th	2
HCSCellMaskGreenStain	ex	493	100	th	3
HCSCellMaskOrangeStain	em	564	100	th	1
HCSCellMaskOrangeStain	em	601	45	th	2
HCSCellMaskOrangeStain	ex	518	49	th	1
HCSCellMaskOrangeStain	ex	551	100	th	2
HCSCellMaskRedStain	em	614	100	th	1
HCSCellMaskRedStain	ex	587	100	th	1
HCSLipidTOXDeepRed	em	651	100	th	1
HCSLipidTOXDeepRed	ex	635	100	th	1
HCSLipidTOXGreenNeutralLipid	em	507	100	th	1
HCSLipidTOXGreenNeutralLipid	ex	498	100	th	1
HCSLipidTOXGreenPhospholipidosisReagent	em	536	100	th	1
HCSLipidTOXGreenPhospholipidosisReagent	ex	504	100	th	1
HCSLipidTOXRedNeutralLipid	em	616	100	th	1
HCSLipidTOXRedNeutralLipid	ex	582	100	th	1
HCSLipidTOXRedPhospholipidosisReagent	em	608	100	th	1
HCSLipidTOXRedPhospholipidosisReagent	ex	584	100	th	1
HCSNuclearMaskBlueStain	em	454	100	th	1
HCSNuclearMaskBlueStain	ex	352	100	th	1
HCSNuclearMaskDeepRed	em	686	100	th	1
HCSNuclearMaskDeepRed	em	725	89	th	2
HCSNuclearMaskDeepRed	ex	603	87	th	1
HCSNuclearMaskDeepRed	ex	638	100	th	2
HCSNuclearMaskRedStain	em	644	100	th	1
HCSNuclearMaskRedStain	ex	322	14	th	1
HCSNuclearMaskRedStain	ex	622	100	th	2
HelixNPBlue	em	470	100	bl	1
HelixNPBlue	ex	431	100	bl	1
HelixNPGreen	em	525	100	bl	1
HelixNPGreen	ex	504	100	bl	1
HelixNPNIR	em	657	100	bl	1
HelixNPNIR	ex	638	100	bl	1
Hoechst33258	em	454	100	bd	1
Hoechst33258	ex	352	100	bd	1
Hoechst33258	em	455	100	bl	1
Hoechst33258	ex	352	100	bl	1
Hoechst33258	em	454	100	th	1
Hoechst33258	ex	352	100	th	1
Hoechst33342	em	454	100	th	1
Hoechst33342	ex	352	100	th	1
Hoechst34580	em	476	100	bd	1
Hoechst34580	ex	360	100	bd	1
HypoxiaGreen	em	517	100	th	1
HypoxiaGreen	ex	498	100	th	1
Image-iTDEADGreenViabilityStain	em	508	100	th	1
Image-iTDEADGreenViabilityStain	ex	491	100	th	1
Image-iTLipidPeroxidationSensor	em	522	25	th	1
Image-iTLipidPeroxidationSensor	em	548	23	th	2
Image-iTLipidPeroxidationSensor	em	597	100	th	3
Image-iTLipidPeroxidationSensor	ex	550	36	th	1
Image-iTLipidPeroxidationSensor	ex	588	100	th	2
Indo-1 (CalciumBound)	em	404	100	th	1
Indo-1 (CalciumBound)	ex	330	100	th	1
Indo-1 (CalciumFree)	em	480	71	th	1
Indo-1 (CalciumFree)	ex	346	100	th	1
Indo-1Hi	em	403	100	bd	1
Indo-1Hi	ex	330	100	bd	1
Indo-1Lo	em	480	100	bd	1
Indo-1Lo	ex	346	100	bd	1
JC-1	em	527	22	bd	1
JC-1	em	595	98	bd	2
JC-1	ex	499	82	bd	1
JC-1	ex	592	97	bd	2
JC-1	em	526	22	th	1
JC-1	em	595	100	th	2
JC-1	ex	498	82	th	1
JC-1	ex	592	100	th	2
JC-10MitochondriaKit	em	524	100	bl	1
JC-10MitochondriaKit	ex	508	100	bl	1
JOE	em	548	100	th	1
JOE	ex	520	100	th	1
JOJO-1	em	544	100	th	1
JOJO-1	ex	501	37	th	1
JOJO-1	ex	530	100	th	2
KIRAVIABlue520	em	518	100	bd	1
KIRAVIABlue520	ex	322	13	bd	1
KIRAVIABlue520	ex	496	100	bd	2
KIRAVIABlue520	em	517	100	bl	1
KIRAVIABlue520	ex	496	100	bl	1
KromeOrange	em	533	100	bd	1
KromeOrange	ex	345	99	bd	1
KromeOrange	ex	360	97	bd	2
KromeOrange	ex	376	100	bd	3
KromeOrange	em	532	99	bl	1
KromeOrange	ex	396	99	bl	1
KromeOrange	em	536	100	th	1
KromeOrange	ex	390	100	th	1
LDS751	em	711	100	th	1
LDS751	ex	560	100	th	1
LiveDeadFixableAqua	em	514	100	bd	1
LiveDeadFixableAqua	ex	370	100	bd	1
LiveDeadFixableAqua	em	525	99	bl	1
LiveDeadFixableAqua	ex	367	100	bl	1
LiveDeadFixableAqua	em	525	100	th	1
LiveDeadFixableAqua	ex	368	100	th	1
LiveDeadFixableBlue	em	440	100	bd	1
LiveDeadFixableBlue	ex	347	100	bd	1
LiveDeadFixableBlue	em	442	100	bl	1
LiveDeadFixableBlue	ex	343	100	bl	1
LiveDeadFixableBlue	em	442	100	th	1
LiveDeadFixableBlue	ex	343	100	th	1
LiveDeadFixableFarRed	em	665	100	bd	1
LiveDeadFixableFarRed	ex	649	100	bd	1
LiveDeadFixableFarRed	em	671	100	bl	1
LiveDeadFixableFarRed	ex	650	100	bl	1
LiveDeadFixableFarRed	em	671	100	th	1
LiveDeadFixableFarRed	ex	650	100	th	1
LiveDeadFixableGreen	em	520	100	bd	1
LiveDeadFixableGreen	ex	329	18	bd	1
LiveDeadFixableGreen	ex	496	100	bd	2
LiveDeadFixableGreen	em	526	100	bl	1
LiveDeadFixableGreen	ex	331	18	bl	1
LiveDeadFixableGreen	ex	498	100	bl	2
LiveDeadFixableGreen	em	526	100	th	1
LiveDeadFixableGreen	ex	331	18	th	1
LiveDeadFixableGreen	ex	498	100	th	2
LiveDeadFixableLime	em	504	100	th	1
LiveDeadFixableLime	ex	410	100	th	1
LiveDeadFixableNIR780	em	662	16	bd	1
LiveDeadFixableNIR780	em	774	100	bd	2
LiveDeadFixableNIR780	ex	749	100	bd	1
LiveDeadFixableNIR780	em	776	100	bl	1
LiveDeadFixableNIR780	ex	753	100	bl	1
LiveDeadFixableNIR780	em	785	100	th	1
LiveDeadFixableNIR780	ex	753	100	th	1
LiveDeadFixableNIR876	em	880	100	th	1
LiveDeadFixableNIR876	ex	439	23	th	1
LiveDeadFixableNIR876	ex	539	12	th	2
LiveDeadFixableNIR876	ex	838	100	th	3
LiveDeadFixableOlive	em	564	100	th	1
LiveDeadFixableOlive	ex	475	100	th	1
LiveDeadFixableOrange	em	603	100	th	1
LiveDeadFixableOrange	ex	578	100	th	1
LiveDeadFixableRed	em	613	100	bl	1
LiveDeadFixableRed	ex	555	31	bl	1
LiveDeadFixableRed	ex	595	100	bl	2
LiveDeadFixableScarlet	em	719	100	th	1
LiveDeadFixableScarlet	ex	696	100	th	1
LiveDeadFixableViolet	em	452	100	bd	1
LiveDeadFixableViolet	ex	421	100	bd	1
LiveDeadFixableViolet	em	455	100	bl	1
LiveDeadFixableViolet	ex	404	100	bl	1
LiveDeadFixableViolet	em	455	100	th	1
LiveDeadFixableViolet	ex	404	100	th	1
LiveDeadFixableYellow	em	546	100	bd	1
LiveDeadFixableYellow	ex	396	100	bd	1
LiveDeadFixableYellow	em	551	100	bl	1
LiveDeadFixableYellow	ex	400	100	bl	1
LiveDeadFixableYellow	em	552	100	th	1
LiveDeadFixableYellow	ex	401	100	th	1
LiveDeadNIR775	em	776	100	th	1
LiveDeadNIR775	ex	752	100	th	1
LuciferYellow	em	543	100	th	1
LuciferYellow	ex	427	100	th	1
LysoSensorBlue	em	424	100	th	1
LysoSensorBlue	em	448	47	th	2
LysoSensorBlue	ex	339	29	th	1
LysoSensorBlue	ex	356	63	th	2
LysoSensorBlue	ex	374	100	th	3
LysoSensorBlue	ex	395	100	th	4
LysoSensorGreen	em	503	100	th	1
LysoSensorGreen	ex	447	100	th	1
LysoSensorYellowBlue (pH3.0)	em	540	91	th	1
LysoSensorYellowBlue (pH3.0)	ex	388	91	th	1
LysoSensorYellowBlue (pH9)	em	529	65	th	1
LysoSensorYellowBlue (pH9)	ex	334	100	th	1
LysoTrackerBlue	em	400	94	th	1
LysoTrackerBlue	em	422	100	th	2
LysoTrackerBlue	em	446	49	th	3
LysoTrackerBlue	ex	338	30	th	1
LysoTrackerBlue	ex	355	64	th	2
LysoTrackerBlue	ex	373	100	th	3
LysoTrackerBlue	ex	394	96	th	4
LysoTrackerDeepRed	em	664	100	th	1
LysoTrackerDeepRed	ex	351	36	th	1
LysoTrackerDeepRed	ex	646	100	th	2
LysoTrackerGreen	em	509	100	th	1
LysoTrackerGreen	ex	500	100	th	1
LysoTrackerRed	em	592	100	th	1
LysoTrackerRed	ex	574	100	th	1
LysoTrackerYellowHCK-123	em	565	100	th	1
LysoTrackerYellowHCK-123	ex	486	100	th	1
LysosomeProbeDeepRed	em	619	100	bl	1
LysosomeProbeDeepRed	ex	596	100	bl	1
LysosomeProbeGreen	em	509	100	bl	1
LysosomeProbeGreen	ex	500	100	bl	1
LysosomeProbeNIR	em	650	100	bl	1
LysosomeProbeNIR	ex	636	100	bl	1
LysosomeProbeOrange	em	565	100	bl	1
LysosomeProbeOrange	ex	543	100	bl	1
LysosomeProbeRed	em	596	100	bl	1
LysosomeProbeRed	ex	576	100	bl	1
MItoProbeTMRM	em	578	100	th	1
MItoProbeTMRM	ex	552	100	th	1
Mag-fura-2	em	503	100	th	1
Mag-fura-2	ex	336	100	th	1
MagnesiumGreen	em	531	100	th	1
MagnesiumGreen	ex	335	16	th	1
MagnesiumGreen	ex	507	100	th	2
MarinaBlue	em	463	100	th	1
MarinaBlue	ex	363	100	th	1
MitoHealthStain	em	508	100	th	1
MitoHealthStain	ex	491	100	th	1
MitoSOXGreen	em	517	100	th	1
MitoSOXGreen	ex	368	31	th	1
MitoSOXGreen	ex	455	100	th	2
MitoSOXRed	em	582	100	th	1
MitoSOXRed	ex	380	60	th	1
MitoSOXRed	ex	499	100	th	2
MitoSpyGreenFM	em	511	100	bl	1
MitoSpyGreenFM	ex	486	100	bl	1
MitoSpyNIR-DilC1	em	658	100	bl	1
MitoSpyNIR-DilC1	ex	639	100	bl	1
MitoSpyOrangeCMTMRos	em	576	100	bl	1
MitoSpyOrangeCMTMRos	ex	553	100	bl	1
MitoSpyRedCMXRos	em	600	100	bl	1
MitoSpyRedCMXRos	ex	578	100	bl	1
MitoStatusRed	em	650	100	bd	1
MitoStatusRed	ex	573	35	bd	1
MitoStatusRed	ex	621	100	bd	2
MitoStatusTMRE	em	574	100	bd	1
MitoStatusTMRE	ex	551	100	bd	1
MitoTrackerDeepRedFM	em	662	100	th	1
MitoTrackerDeepRedFM	ex	641	100	th	1
MitoTrackerGreenFM	em	512	100	bl	1
MitoTrackerGreenFM	ex	490	100	bl	1
MitoTrackerGreenFM	em	512	100	th	1
MitoTrackerGreenFM	ex	490	100	th	1
MitoTrackerOrange	em	575	100	bl	1
MitoTrackerOrange	ex	305	15	bl	1
MitoTrackerOrange	ex	551	100	bl	2
MitoTrackerOrange	em	575	100	th	1
MitoTrackerOrange	ex	304	15	th	1
MitoTrackerOrange	ex	551	100	th	2
MitoTrackerRed	em	599	100	bl	1
MitoTrackerRed	ex	314	18	bl	1
MitoTrackerRed	ex	540	29	bl	2
MitoTrackerRed	ex	578	100	bl	3
MitoTrackerRed	em	599	100	th	1
MitoTrackerRed	ex	314	18	th	1
MitoTrackerRed	ex	540	29	th	2
MitoTrackerRed	ex	578	100	th	3
MitoTrackerRedFM	em	650	100	th	1
MitoTrackerRedFM	ex	604	100	th	1
Monobromobimane (mBBr)	em	490	100	th	1
Monobromobimane (mBBr)	ex	395	100	th	1
Monochlorobimane (mBCI)	em	483	100	th	1
Monochlorobimane (mBCI)	ex	388	100	th	1
NADH	em	464	99	bl	1
NADH	ex	340	99	bl	1
NBD	em	538	100	th	1
NBD	ex	334	38	th	1
NBD	ex	467	100	th	2
Naphthofluorescein	em	673	100	th	1
Naphthofluorescein	ex	361	37	th	1
Naphthofluorescein	ex	423	27	th	2
Naphthofluorescein	ex	599	100	th	3
NeuroTrace435_455BlueFluorescentNisslStain	em	458	100	th	1
NeuroTrace435_455BlueFluorescentNisslStain	ex	433	100	th	1
NeuroTrace515_535YellowFluorescentNisslStain	em	531	100	th	1
NeuroTrace515_535YellowFluorescentNisslStain	ex	514	100	th	1
NeuroTrace530_615RedFluorescentNisslStain	em	618	100	th	1
NeuroTrace530_615RedFluorescentNisslStain	ex	528	100	th	1
NeuroTrace640_660DeepRedFluorescentNisslStain	em	661	100	th	1
NeuroTrace640_660DeepRedFluorescentNisslStain	ex	341	14	th	1
NeuroTrace640_660DeepRedFluorescentNisslStain	ex	642	100	th	2
NileBlue	em	661	99	th	1
NileBlue	ex	326	17	th	1
NileBlue	ex	630	100	th	2
NileRed (phospholipid)	em	637	100	th	1
NileRed (phospholipid)	ex	552	100	th	1
NileRed (triglyceride)	em	583	100	th	1
NileRed (triglyceride)	ex	511	100	th	1
NovaFluorBlue510	em	511	100	bd	1
NovaFluorBlue510	ex	493	100	bd	1
NovaFluorBlue510	em	513	100	th	1
NovaFluorBlue510	ex	492	100	th	1
NovaFluorBlue530	em	525	100	bd	1
NovaFluorBlue530	ex	509	100	bd	1
NovaFluorBlue530	em	527	100	th	1
NovaFluorBlue530	ex	508	100	th	1
NovaFluorBlue555	em	509	17	bd	1
NovaFluorBlue555	em	552	100	bd	2
NovaFluorBlue555	ex	495	100	bd	1
NovaFluorBlue555	ex	537	74	bd	2
NovaFluorBlue555	em	510	28	th	1
NovaFluorBlue555	em	555	100	th	2
NovaFluorBlue555	ex	494	100	th	1
NovaFluorBlue555	ex	537	42	th	2
NovaFluorBlue585	em	510	19	bd	1
NovaFluorBlue585	em	584	100	bd	2
NovaFluorBlue585	ex	494	100	bd	1
NovaFluorBlue585	em	511	29	th	1
NovaFluorBlue585	em	586	100	th	2
NovaFluorBlue585	ex	493	100	th	1
NovaFluorBlue610-30S	em	525	16	bd	1
NovaFluorBlue610-30S	em	614	100	bd	2
NovaFluorBlue610-30S	ex	368	12	bd	1
NovaFluorBlue610-30S	ex	509	100	bd	2
NovaFluorBlue610-30S	ex	553	30	bd	3
NovaFluorBlue610-30S	ex	597	97	bd	4
NovaFluorBlue610-30S	em	527	19	th	1
NovaFluorBlue610-30S	em	615	100	th	2
NovaFluorBlue610-30S	ex	509	100	th	1
NovaFluorBlue610-30S	ex	598	51	th	2
NovaFluorBlue610-70S	em	614	100	bd	1
NovaFluorBlue610-70S	ex	493	100	bd	1
NovaFluorBlue610-70S	ex	597	86	bd	2
NovaFluorBlue610-70S	em	510	16	th	1
NovaFluorBlue610-70S	em	616	100	th	2
NovaFluorBlue610-70S	ex	492	100	th	1
NovaFluorBlue610-70S	ex	555	13	th	2
NovaFluorBlue610-70S	ex	598	44	th	3
NovaFluorBlue660-120S	em	509	16	bd	1
NovaFluorBlue660-120S	em	665	100	bd	2
NovaFluorBlue660-120S	ex	492	75	bd	1
NovaFluorBlue660-120S	ex	604	24	bd	2
NovaFluorBlue660-120S	ex	650	100	bd	3
NovaFluorBlue660-120S	em	510	26	th	1
NovaFluorBlue660-120S	em	666	100	th	2
NovaFluorBlue660-120S	ex	492	100	th	1
NovaFluorBlue660-120S	ex	604	15	th	2
NovaFluorBlue660-120S	ex	651	64	th	3
NovaFluorBlue660-40S	em	525	17	bd	1
NovaFluorBlue660-40S	em	664	100	bd	2
NovaFluorBlue660-40S	ex	509	72	bd	1
NovaFluorBlue660-40S	ex	603	24	bd	2
NovaFluorBlue660-40S	ex	649	100	bd	3
NovaFluorBlue660-40S	em	527	29	th	1
NovaFluorBlue660-40S	em	664	100	th	2
NovaFluorBlue660-40S	ex	508	100	th	1
NovaFluorBlue660-40S	ex	604	19	th	2
NovaFluorBlue660-40S	ex	650	79	th	3
NovaFluorBlue690	em	508	11	bd	1
NovaFluorBlue690	em	584	37	bd	2
NovaFluorBlue690	em	689	100	bd	3
NovaFluorBlue690	ex	496	100	bd	1
NovaFluorBlue690	ex	618	24	bd	2
NovaFluorBlue690	ex	672	90	bd	3
NovaFluorBlue690	em	509	23	th	1
NovaFluorBlue690	em	582	22	th	2
NovaFluorBlue690	em	688	100	th	3
NovaFluorBlue690	ex	495	87	th	1
NovaFluorBlue690	ex	620	28	th	2
NovaFluorBlue690	ex	672	100	th	3
NovaFluorBlue725	em	511	59	th	1
NovaFluorBlue725	em	728	100	th	2
NovaFluorBlue725	ex	494	100	th	1
NovaFluorBlue725	ex	711	38	th	2
NovaFluorBlue760	em	509	19	th	1
NovaFluorBlue760	em	764	100	th	2
NovaFluorBlue760	ex	494	94	th	1
NovaFluorBlue760	ex	738	99	th	2
NovaFluorBlue800	em	536	19	bd	1
NovaFluorBlue800	em	805	100	bd	2
NovaFluorBlue800	ex	468	50	bd	1
NovaFluorBlue800	ex	493	58	bd	2
NovaFluorBlue800	ex	784	100	bd	3
NovaFluorBlue800	em	510	14	th	1
NovaFluorBlue800	em	806	100	th	2
NovaFluorBlue800	ex	469	84	th	1
NovaFluorBlue800	ex	493	100	th	2
NovaFluorBlue800	ex	798	51	th	3
NovaFluorRed660	em	659	100	bd	1
NovaFluorRed660	ex	413	11	bd	1
NovaFluorRed660	ex	636	100	bd	2
NovaFluorRed660	em	659	100	th	1
NovaFluorRed660	ex	636	100	th	1
NovaFluorRed685	em	685	100	bd	1
NovaFluorRed685	ex	413	13	bd	1
NovaFluorRed685	ex	637	100	bd	2
NovaFluorRed685	ex	665	79	bd	3
NovaFluorRed685	em	686	100	th	1
NovaFluorRed685	ex	637	100	th	1
NovaFluorRed700	em	699	100	bd	1
NovaFluorRed700	ex	413	12	bd	1
NovaFluorRed700	ex	639	85	bd	2
NovaFluorRed700	ex	677	100	bd	3
NovaFluorRed700	em	700	100	th	1
NovaFluorRed700	ex	637	100	th	1
NovaFluorRed700	ex	676	63	th	2
NovaFluorRed710	em	710	100	bd	1
NovaFluorRed710	ex	636	87	bd	1
NovaFluorRed710	ex	686	100	bd	2
NovaFluorRed710	em	714	100	th	1
NovaFluorRed710	ex	637	100	th	1
NovaFluorRed710	ex	688	88	th	2
NovaFluorRed725	em	656	22	th	1
NovaFluorRed725	em	727	100	th	2
NovaFluorRed725	ex	636	100	th	1
NovaFluorRed725	ex	710	30	th	2
NovaFluorRed755	em	652	22	th	1
NovaFluorRed755	em	756	100	th	2
NovaFluorRed755	ex	636	100	th	1
NovaFluorRed755	ex	730	46	th	2
NovaFluorUV765	em	403	24	th	1
NovaFluorUV765	em	763	100	th	2
NovaFluorUV765	ex	355	84	th	1
NovaFluorUV765	ex	735	99	th	2
NovaFluorViolet690	em	691	100	th	1
NovaFluorViolet690	ex	408	56	th	1
NovaFluorViolet690	ex	622	25	th	2
NovaFluorViolet690	ex	675	100	th	3
NovaFluorViolet745	em	743	100	th	1
NovaFluorViolet745	ex	390	68	th	1
NovaFluorViolet745	ex	497	13	th	2
NovaFluorViolet745	ex	724	100	th	3
NovaFluorViolet800	em	798	100	bd	1
NovaFluorViolet800	ex	390	19	bd	1
NovaFluorViolet800	ex	405	18	bd	2
NovaFluorViolet800	ex	781	100	bd	3
NovaFluorViolet800	em	478	18	th	1
NovaFluorViolet800	em	800	100	th	2
NovaFluorViolet800	ex	409	50	th	1
NovaFluorViolet800	ex	782	91	th	2
NovaFluorYellow570	em	564	100	bd	1
NovaFluorYellow570	ex	521	54	bd	1
NovaFluorYellow570	ex	551	100	bd	2
NovaFluorYellow570	em	566	100	th	1
NovaFluorYellow570	ex	521	55	th	1
NovaFluorYellow570	ex	551	100	th	2
NovaFluorYellow590	em	592	100	bd	1
NovaFluorYellow590	ex	570	100	bd	1
NovaFluorYellow590	em	594	100	th	1
NovaFluorYellow590	ex	563	100	th	1
NovaFluorYellow610	em	613	100	bd	1
NovaFluorYellow610	ex	551	100	bd	1
NovaFluorYellow610	ex	597	36	bd	2
NovaFluorYellow610	em	566	14	th	1
NovaFluorYellow610	em	614	100	th	2
NovaFluorYellow610	ex	550	100	th	1
NovaFluorYellow610	ex	597	20	th	2
NovaFluorYellow660	em	564	12	bd	1
NovaFluorYellow660	em	665	100	bd	2
NovaFluorYellow660	ex	550	100	bd	1
NovaFluorYellow660	ex	603	14	bd	2
NovaFluorYellow660	ex	650	57	bd	3
NovaFluorYellow660	em	564	18	th	1
NovaFluorYellow660	em	664	100	th	2
NovaFluorYellow660	ex	550	100	th	1
NovaFluorYellow660	ex	651	29	th	2
NovaFluorYellow690	em	562	13	bd	1
NovaFluorYellow690	em	690	100	bd	2
NovaFluorYellow690	ex	518	44	bd	1
NovaFluorYellow690	ex	551	84	bd	2
NovaFluorYellow690	ex	671	100	bd	3
NovaFluorYellow690	em	564	20	th	1
NovaFluorYellow690	em	690	100	th	2
NovaFluorYellow690	ex	519	53	th	1
NovaFluorYellow690	ex	551	100	th	2
NovaFluorYellow690	ex	671	55	th	3
NovaFluorYellow700	em	702	100	bd	1
NovaFluorYellow700	ex	520	52	bd	1
NovaFluorYellow700	ex	551	98	bd	2
NovaFluorYellow700	ex	679	100	bd	3
NovaFluorYellow700	em	564	17	th	1
NovaFluorYellow700	em	700	100	th	2
NovaFluorYellow700	ex	519	53	th	1
NovaFluorYellow700	ex	550	100	th	2
NovaFluorYellow700	ex	679	51	th	3
NovaFluorYellow730	em	589	33	bd	1
NovaFluorYellow730	em	729	100	bd	2
NovaFluorYellow730	ex	384	25	bd	1
NovaFluorYellow730	ex	551	90	bd	2
NovaFluorYellow730	ex	578	68	bd	3
NovaFluorYellow730	ex	710	100	bd	4
NovaFluorYellow730	em	591	39	th	1
NovaFluorYellow730	em	730	100	th	2
NovaFluorYellow730	ex	383	13	th	1
NovaFluorYellow730	ex	551	100	th	2
NovaFluorYellow730	ex	710	49	th	3
NovaFluorYellow755	em	590	22	bd	1
NovaFluorYellow755	em	758	100	bd	2
NovaFluorYellow755	ex	553	68	bd	1
NovaFluorYellow755	ex	738	100	bd	2
NovaFluorYellow755	em	589	30	th	1
NovaFluorYellow755	em	754	100	th	2
NovaFluorYellow755	ex	551	100	th	1
NovaFluorYellow755	ex	731	68	th	2
NovaFluorYellow810	em	569	16	th	1
NovaFluorYellow810	em	813	100	th	2
NovaFluorYellow810	ex	517	65	th	1
NovaFluorYellow810	ex	550	100	th	2
NovaFluorYellow810	ex	806	37	th	3
OrangeActin	em	512	100	th	1
OrangeActin	ex	505	100	th	1
OregonGreen488	em	526	100	th	1
OregonGreen488	ex	331	18	th	1
OregonGreen488	ex	498	100	th	2
OregonGreen488BAPTA	em	522	100	th	1
OregonGreen488BAPTA	ex	493	100	th	1
OregonGreen514	em	532	100	th	1
OregonGreen514	ex	334	11	th	1
OregonGreen514	ex	513	100	th	2
PE	em	574	99	bd	1
PE	ex	307	13	bd	1
PE	ex	373	12	bd	2
PE	ex	495	72	bd	3
PE	ex	566	100	bd	4
PE	em	575	99	bl	1
PE	ex	308	10	bl	1
PE	ex	498	68	bl	2
PE	ex	565	100	bl	3
PE	em	575	100	th	1
PE	ex	308	11	th	1
PE	ex	497	69	th	2
PE	ex	565	100	th	3
PE-AlexaFluor610	em	628	100	bd	1
PE-AlexaFluor610	ex	375	14	bd	1
PE-AlexaFluor610	ex	495	60	bd	2
PE-AlexaFluor610	ex	566	100	bd	3
PE-AlexaFluor610	em	574	25	th	1
PE-AlexaFluor610	em	626	100	th	2
PE-AlexaFluor610	ex	307	17	th	1
PE-AlexaFluor610	ex	373	13	th	2
PE-AlexaFluor610	ex	496	67	th	3
PE-AlexaFluor610	ex	566	100	th	4
PE-AlexaFluor610	ex	611	17	th	5
PE-AlexaFluor680	em	574	18	th	1
PE-AlexaFluor680	em	702	100	th	2
PE-AlexaFluor680	ex	344	16	th	1
PE-AlexaFluor680	ex	371	15	th	2
PE-AlexaFluor680	ex	498	69	th	3
PE-AlexaFluor680	ex	569	100	th	4
PE-AlexaFluor680	ex	685	60	th	5
PE-AlexaFluor700	em	717	100	bd	1
PE-AlexaFluor700	ex	368	15	bd	1
PE-AlexaFluor700	ex	495	73	bd	2
PE-AlexaFluor700	ex	565	99	bd	3
PE-AlexaFluor700	ex	697	36	bd	4
PE-AlexaFluor700	em	577	23	th	1
PE-AlexaFluor700	em	721	100	th	2
PE-AlexaFluor700	ex	499	65	th	1
PE-AlexaFluor700	ex	566	100	th	2
PE-AlexaFluor700	ex	699	57	th	3
PE-CF594	em	613	100	bd	1
PE-CF594	ex	374	11	bd	1
PE-CF594	ex	495	67	bd	2
PE-CF594	ex	566	100	bd	3
PE-CF594	em	611	98	bl	1
PE-CF594	ex	372	11	bl	1
PE-CF594	ex	494	64	bl	2
PE-CF594	ex	565	99	bl	3
PE-CF594	em	614	100	th	1
PE-CF594	ex	496	55	th	1
PE-CF594	ex	565	100	th	2
PE-Cy5	em	668	100	bd	1
PE-Cy5	ex	363	15	bd	1
PE-Cy5	ex	495	69	bd	2
PE-Cy5	ex	566	100	bd	3
PE-Cy5	ex	608	16	bd	4
PE-Cy5	ex	652	45	bd	5
PE-Cy5	em	666	98	bl	1
PE-Cy5	ex	499	60	bl	1
PE-Cy5	ex	564	98	bl	2
PE-Cy5	ex	611	20	bl	3
PE-Cy5	ex	654	57	bl	4
PE-Cy5	em	667	100	th	1
PE-Cy5	ex	497	68	th	1
PE-Cy5	ex	568	100	th	2
PE-Cy5.5	em	694	100	bd	1
PE-Cy5.5	ex	306	13	bd	1
PE-Cy5.5	ex	371	11	bd	2
PE-Cy5.5	ex	495	71	bd	3
PE-Cy5.5	ex	565	99	bd	4
PE-Cy5.5	ex	678	22	bd	5
PE-Cy5.5	em	692	100	bl	1
PE-Cy5.5	ex	495	58	bl	1
PE-Cy5.5	ex	566	100	bl	2
PE-Cy5.5	ex	654	62	bl	3
PE-Cy5.5	em	576	23	th	1
PE-Cy5.5	em	692	100	th	2
PE-Cy5.5	ex	304	14	th	1
PE-Cy5.5	ex	373	12	th	2
PE-Cy5.5	ex	498	69	th	3
PE-Cy5.5	ex	564	100	th	4
PE-Cy5.5	ex	677	22	th	5
PE-Cy7	em	779	100	bd	1
PE-Cy7	ex	304	13	bd	1
PE-Cy7	ex	370	13	bd	2
PE-Cy7	ex	494	71	bd	3
PE-Cy7	ex	565	99	bd	4
PE-Cy7	ex	754	75	bd	5
PE-Cy7	em	577	43	bl	1
PE-Cy7	em	780	100	bl	2
PE-Cy7	ex	498	62	bl	1
PE-Cy7	ex	568	99	bl	2
PE-Cy7	ex	757	51	bl	3
PE-Cy7	em	577	44	th	1
PE-Cy7	em	780	100	th	2
PE-Cy7	ex	498	63	th	1
PE-Cy7	ex	568	100	th	2
PE-Cy7	ex	757	52	th	3
PE-Dazzle594	em	611	100	bd	1
PE-Dazzle594	ex	372	12	bd	1
PE-Dazzle594	ex	495	68	bd	2
PE-Dazzle594	ex	566	100	bd	3
PE-Dazzle594	em	610	100	bl	1
PE-Dazzle594	ex	495	69	bl	1
PE-Dazzle594	ex	565	100	bl	2
PE-Dazzle594	em	613	100	th	1
PE-Dazzle594	ex	307	11	th	1
PE-Dazzle594	ex	495	56	th	2
PE-Dazzle594	ex	565	100	th	3
PE-Fire640	em	642	100	bd	1
PE-Fire640	ex	303	14	bd	1
PE-Fire640	ex	375	12	bd	2
PE-Fire640	ex	495	64	bd	3
PE-Fire640	ex	567	99	bd	4
PE-Fire640	ex	621	31	bd	5
PE-Fire640	em	641	100	bl	1
PE-Fire640	ex	495	64	bl	1
PE-Fire640	ex	567	100	bl	2
PE-Fire640	ex	622	32	bl	3
PE-Fire640	em	641	100	th	1
PE-Fire640	ex	495	64	th	1
PE-Fire640	ex	567	100	th	2
PE-Fire640	ex	622	32	th	3
PE-Fire700	em	701	100	bd	1
PE-Fire700	ex	305	17	bd	1
PE-Fire700	ex	364	13	bd	2
PE-Fire700	ex	495	71	bd	3
PE-Fire700	ex	566	100	bd	4
PE-Fire700	ex	682	54	bd	5
PE-Fire700	em	572	17	bl	1
PE-Fire700	em	696	100	bl	2
PE-Fire700	ex	492	89	bl	1
PE-Fire700	ex	562	100	bl	2
PE-Fire700	ex	624	14	bl	3
PE-Fire700	ex	680	50	bl	4
PE-Fire700	em	572	17	th	1
PE-Fire700	em	696	100	th	2
PE-Fire700	ex	492	89	th	1
PE-Fire700	ex	562	100	th	2
PE-Fire700	ex	624	14	th	3
PE-Fire700	ex	680	50	th	4
PE-Fire744	em	749	100	bd	1
PE-Fire744	ex	379	15	bd	1
PE-Fire744	ex	495	71	bd	2
PE-Fire744	ex	565	99	bd	3
PE-Fire744	ex	663	20	bd	4
PE-Fire744	ex	723	37	bd	5
PE-Fire744	em	572	35	bl	1
PE-Fire744	em	742	99	bl	2
PE-Fire744	ex	380	14	bl	1
PE-Fire744	ex	494	70	bl	2
PE-Fire744	ex	565	100	bl	3
PE-Fire744	ex	663	23	bl	4
PE-Fire744	ex	722	45	bl	5
PE-Fire810	em	574	67	bd	1
PE-Fire810	em	810	100	bd	2
PE-Fire810	ex	306	23	bd	1
PE-Fire810	ex	375	14	bd	2
PE-Fire810	ex	495	71	bd	3
PE-Fire810	ex	565	99	bd	4
PE-Fire810	ex	785	53	bd	5
PE-Fire810	em	804	100	bl	1
PE-Fire810	ex	380	14	bl	1
PE-Fire810	ex	495	72	bl	2
PE-Fire810	ex	566	100	bl	3
PE-Fire810	ex	785	67	bl	4
PE-Fire810	em	804	100	th	1
PE-Fire810	ex	380	14	th	1
PE-Fire810	ex	495	72	th	2
PE-Fire810	ex	565	100	th	3
PE-Fire810	ex	785	67	th	4
PE-TexasRed	em	612	100	bd	1
PE-TexasRed	ex	371	16	bd	1
PE-TexasRed	ex	495	71	bd	2
PE-TexasRed	ex	566	100	bd	3
PE-TexasRed	em	618	100	bl	1
PE-TexasRed	ex	498	61	bl	1
PE-TexasRed	ex	566	99	bl	2
PE-TexasRed	em	562	25	th	1
PE-TexasRed	em	614	100	th	2
PE-TexasRed	ex	307	17	th	1
PE-TexasRed	ex	373	13	th	2
PE-TexasRed	ex	496	67	th	3
PE-TexasRed	ex	566	100	th	4
PE-TexasRed	ex	611	17	th	5
PE-Vio615	em	575	14	bd	1
PE-Vio615	em	621	100	bd	2
PE-Vio615	ex	495	65	bd	1
PE-Vio615	ex	565	100	bd	2
PE-Vio615	em	619	95	bl	1
PE-Vio615	ex	496	67	bl	1
PE-Vio615	ex	566	99	bl	2
PE-Vio615	em	623	100	th	1
PE-Vio615	ex	496	58	th	1
PE-Vio615	ex	567	100	th	2
PE-Vio770	em	574	22	bd	1
PE-Vio770	em	779	100	bd	2
PE-Vio770	ex	495	70	bd	1
PE-Vio770	ex	564	99	bd	2
PE-Vio770	ex	754	67	bd	3
PE-Vio770	em	573	49	bl	1
PE-Vio770	em	774	98	bl	2
PE-Vio770	ex	495	29	bl	1
PE-Vio770	ex	565	47	bl	2
PE-Vio770	ex	759	99	bl	3
PE-Vio770	em	781	100	th	1
PE-Vio770	ex	495	57	th	1
PE-Vio770	ex	567	100	th	2
PE-Vio770	ex	754	77	th	3
PE-eFluor610	em	605	100	bd	1
PE-eFluor610	ex	307	13	bd	1
PE-eFluor610	ex	495	65	bd	2
PE-eFluor610	ex	566	100	bd	3
PE-eFluor610	em	606	100	bl	1
PE-eFluor610	ex	307	12	bl	1
PE-eFluor610	ex	498	63	bl	2
PE-eFluor610	ex	565	100	bl	3
PE-eFluor610	em	606	100	th	1
PE-eFluor610	ex	307	12	th	1
PE-eFluor610	ex	498	63	th	2
PE-eFluor610	ex	565	100	th	3
PO-PRO-1	em	457	100	th	1
PO-PRO-1	ex	434	100	th	1
PO-PRO-3	em	570	100	th	1
PO-PRO-3	ex	539	100	th	1
POPO-1	em	458	100	th	1
POPO-1	ex	433	100	th	1
POPO-3	em	573	100	th	1
POPO-3	ex	533	100	th	1
PacificBlue	em	451	100	bd	1
PacificBlue	ex	408	100	bd	1
PacificBlue	em	455	100	bl	1
PacificBlue	ex	404	99	bl	1
PacificBlue	em	455	100	th	1
PacificBlue	ex	404	100	th	1
PacificGreen	em	501	100	th	1
PacificGreen	ex	414	100	th	1
PacificOrange	em	546	100	bd	1
PacificOrange	ex	396	100	bd	1
PacificOrange	em	551	100	bl	1
PacificOrange	ex	400	100	bl	1
PacificOrange	em	552	100	th	1
PacificOrange	ex	401	100	th	1
PerCP	em	676	98	bd	1
PerCP	em	736	13	bd	2
PerCP	ex	441	88	bd	1
PerCP	ex	482	100	bd	2
PerCP	ex	673	26	bd	3
PerCP	em	675	96	bl	1
PerCP	em	735	14	bl	2
PerCP	ex	441	88	bl	1
PerCP	ex	480	100	bl	2
PerCP	ex	673	24	bl	3
PerCP	em	675	100	th	1
PerCP	ex	441	89	th	1
PerCP	ex	482	100	th	2
PerCP	ex	673	28	th	3
PerCP-Cy5.5	em	676	99	bd	1
PerCP-Cy5.5	ex	441	88	bd	1
PerCP-Cy5.5	ex	481	100	bd	2
PerCP-Cy5.5	ex	628	13	bd	3
PerCP-Cy5.5	ex	673	42	bd	4
PerCP-Cy5.5	em	679	100	bl	1
PerCP-Cy5.5	em	696	84	bl	2
PerCP-Cy5.5	ex	487	99	bl	1
PerCP-Cy5.5	ex	515	97	bl	2
PerCP-Cy5.5	ex	631	29	bl	3
PerCP-Cy5.5	ex	674	89	bl	4
PerCP-Cy5.5	em	679	100	th	1
PerCP-Cy5.5	ex	488	100	th	1
PerCP-Cy5.5	ex	515	98	th	2
PerCP-Cy5.5	ex	631	30	th	3
PerCP-Cy5.5	ex	674	90	th	4
PerCP-Fire780	em	674	52	bd	1
PerCP-Fire780	em	781	100	bd	2
PerCP-Fire780	ex	441	88	bd	1
PerCP-Fire780	ex	483	100	bd	2
PerCP-Fire780	ex	674	45	bd	3
PerCP-Fire780	ex	755	57	bd	4
PerCP-Fire780	em	775	100	bl	1
PerCP-Fire780	ex	441	89	bl	1
PerCP-Fire780	ex	482	100	bl	2
PerCP-Fire780	ex	674	51	bl	3
PerCP-Fire780	ex	754	72	bl	4
PerCP-Fire780	em	775	100	th	1
PerCP-Fire780	ex	441	89	th	1
PerCP-Fire780	ex	482	100	th	2
PerCP-Fire780	ex	674	51	th	3
PerCP-Fire780	ex	754	72	th	4
PerCP-Fire806	em	674	51	bd	1
PerCP-Fire806	em	808	100	bd	2
PerCP-Fire806	ex	442	88	bd	1
PerCP-Fire806	ex	483	100	bd	2
PerCP-Fire806	ex	674	35	bd	3
PerCP-Fire806	ex	785	64	bd	4
PerCP-Fire806	em	803	100	bl	1
PerCP-Fire806	ex	441	88	bl	1
PerCP-Fire806	ex	482	100	bl	2
PerCP-Fire806	ex	674	40	bl	3
PerCP-Fire806	ex	785	79	bl	4
PerCP-Fire806	em	803	100	th	1
PerCP-Fire806	ex	444	87	th	1
PerCP-Fire806	ex	483	100	th	2
PerCP-Fire806	ex	674	34	th	3
PerCP-Fire806	ex	785	79	th	4
PerCP-Vio700	em	673	99	bd	1
PerCP-Vio700	em	702	76	bd	2
PerCP-Vio700	ex	306	21	bd	1
PerCP-Vio700	ex	440	88	bd	2
PerCP-Vio700	ex	482	100	bd	3
PerCP-Vio700	ex	636	18	bd	4
PerCP-Vio700	ex	674	48	bd	5
PerCP-Vio700	em	678	97	bl	1
PerCP-Vio700	em	705	47	bl	2
PerCP-Vio700	ex	440	86	bl	1
PerCP-Vio700	ex	484	99	bl	2
PerCP-Vio700	ex	640	15	bl	3
PerCP-Vio700	ex	676	40	bl	4
PerCP-Vio700	em	677	100	th	1
PerCP-Vio700	em	707	87	th	2
PerCP-Vio700	ex	311	20	th	1
PerCP-Vio700	ex	443	81	th	2
PerCP-Vio700	ex	486	100	th	3
PerCP-Vio700	ex	634	23	th	4
PerCP-Vio700	ex	674	71	th	5
PerCP-eFluor710	em	676	48	bd	1
PerCP-eFluor710	em	709	100	bd	2
PerCP-eFluor710	ex	442	85	bd	1
PerCP-eFluor710	ex	483	100	bd	2
PerCP-eFluor710	ex	675	39	bd	3
PerCP-eFluor710	em	677	70	bl	1
PerCP-eFluor710	em	709	99	bl	2
PerCP-eFluor710	ex	441	88	bl	1
PerCP-eFluor710	ex	483	99	bl	2
PerCP-eFluor710	ex	639	14	bl	3
PerCP-eFluor710	ex	674	45	bl	4
PerCP-eFluor710	em	708	100	th	1
PerCP-eFluor710	ex	441	89	th	1
PerCP-eFluor710	ex	482	100	th	2
PerCP-eFluor710	ex	638	14	th	3
PerCP-eFluor710	ex	675	46	th	4
PicoGreenReagent	em	522	100	th	1
PicoGreenReagent	ex	367	11	th	1
PicoGreenReagent	ex	502	100	th	2
PremoCameleonCalciumSensor (CalciumBound)	em	527	100	th	1
PremoCameleonCalciumSensor (CalciumBound)	ex	462	28	th	1
PremoCameleonCalciumSensor (CalciumBound)	ex	514	100	th	2
PremoCameleonCalciumSensor (CalciumFree)	em	476	29	th	1
PremoCameleonCalciumSensor (CalciumFree)	em	527	100	th	2
PremoCameleonCalciumSensor (CalciumFree)	ex	514	100	th	1
PrestoBlue	em	584	100	th	1
PrestoBlue	ex	571	100	th	1
Pro-QDiamond	em	583	100	th	1
Pro-QDiamond	ex	368	11	th	1
Pro-QDiamond	ex	557	100	th	2
Pro-QEmerald300	em	531	100	th	1
Pro-QEmerald300	ex	332	67	th	1
PropidiumIodide	em	618	100	bd	1
PropidiumIodide	ex	349	100	bd	1
PropidiumIodide	ex	537	76	bd	2
PropidiumIodide	em	619	99	bl	1
PropidiumIodide	ex	305	100	bl	1
PropidiumIodide	ex	540	16	bl	2
PropidiumIodide	em	617	100	th	1
PropidiumIodide	ex	305	100	th	1
PropidiumIodide	ex	537	17	th	2
Qdot525	em	526	99	bl	1
Qdot525	ex	300	100	bl	1
Qdot525	em	526	100	th	1
Qdot525	ex	300	100	th	1
Qdot545	em	543	100	bl	1
Qdot545	ex	300	100	bl	1
Qdot545	em	543	100	th	1
Qdot545	ex	300	100	th	1
Qdot565	em	564	100	bl	1
Qdot565	ex	300	100	bl	1
Qdot565	em	564	100	th	1
Qdot565	ex	300	100	th	1
Qdot585	em	588	100	bl	1
Qdot585	ex	300	100	bl	1
Qdot585	em	588	100	th	1
Qdot585	ex	300	100	th	1
Qdot605	em	608	100	bd	1
Qdot605	ex	300	54	bd	1
Qdot605	em	603	100	bl	1
Qdot605	ex	482	14	bl	1
Qdot605	em	603	100	th	1
Qdot605	ex	300	100	th	1
Qdot625	em	621	100	bl	1
Qdot625	ex	300	100	bl	1
Qdot625	em	621	100	th	1
Qdot625	ex	300	100	th	1
Qdot655	em	656	100	bd	1
Qdot655	ex	300	55	bd	1
Qdot655	em	654	100	bl	1
Qdot655	ex	513	12	bl	1
Qdot655	em	655	100	th	1
Qdot655	ex	300	100	th	1
Qdot705	em	705	100	bd	1
Qdot705	ex	300	55	bd	1
Qdot705	em	702	100	bl	1
Qdot705	ex	300	100	bl	1
Qdot705	em	701	100	th	1
Qdot705	ex	300	100	th	1
Qdot800	em	807	100	bd	1
Qdot800	ex	300	48	bd	1
Qdot800	em	792	100	bl	1
Qdot800	ex	300	100	bl	1
Qdot800	em	790	100	th	1
Qdot800	ex	300	100	th	1
QnuclearDeepRedStain	em	657	100	th	1
QnuclearDeepRedStain	ex	642	100	th	1
Quinine	em	461	100	th	1
Quinine	ex	319	82	th	1
Quinine	ex	349	100	th	2
RFP	em	584	100	th	1
RFP	ex	554	100	th	1
RH795	em	687	99	th	1
RH795	ex	486	100	th	1
ROX (carboxy-X-rhodamine)	em	603	100	th	1
ROX (carboxy-X-rhodamine)	ex	370	11	th	1
ROX (carboxy-X-rhodamine)	ex	578	100	th	2
ReAsH	em	607	100	th	1
ReAsH	ex	593	100	th	1
RealBlue545	em	544	100	bd	1
RealBlue545	ex	361	11	bd	1
RealBlue545	ex	496	99	bd	2
RealBlue545	ex	524	79	bd	3
RealBlue545	em	545	100	th	1
RealBlue545	ex	351	22	th	1
RealBlue545	ex	496	100	th	2
RealBlue545	ex	524	82	th	3
RealBlue613	em	614	100	bd	1
RealBlue613	ex	492	100	bd	1
RealBlue613	ex	596	19	bd	2
RealBlue670	em	670	100	bd	1
RealBlue670	ex	492	100	bd	1
RealBlue670	ex	653	21	bd	2
RealBlue705	em	707	100	bd	1
RealBlue705	ex	498	100	bd	1
RealBlue705	ex	688	25	bd	2
RealBlue744	em	746	100	bd	1
RealBlue744	ex	498	100	bd	1
RealBlue744	ex	722	14	bd	2
RealBlue780	em	521	12	bd	1
RealBlue780	em	785	100	bd	2
RealBlue780	ex	498	100	bd	1
RealBlue780	ex	759	16	bd	2
RealBlue780	em	523	19	th	1
RealBlue780	em	783	100	th	2
RealBlue780	ex	498	100	th	1
RealBlue780	ex	759	13	th	2
RealYellow586	em	585	100	bd	1
RealYellow586	ex	564	100	bd	1
RealYellow586	em	587	100	th	1
RealYellow586	ex	355	15	th	1
RealYellow586	ex	565	100	th	2
RealYellow610	em	611	100	bd	1
RealYellow610	ex	557	100	bd	1
RealYellow610	ex	586	53	bd	2
RealYellow655	em	654	100	bd	1
RealYellow655	ex	523	62	bd	1
RealYellow655	ex	557	100	bd	2
RealYellow655	ex	636	11	bd	3
RealYellow703	em	702	100	bd	1
RealYellow703	ex	523	61	bd	1
RealYellow703	ex	557	100	bd	2
RealYellow703	ex	687	13	bd	3
RealYellow743	em	743	100	bd	1
RealYellow743	ex	523	61	bd	1
RealYellow743	ex	557	100	bd	2
RealYellow775	em	572	36	bd	1
RealYellow775	em	775	100	bd	2
RealYellow775	ex	523	61	bd	1
RealYellow775	ex	557	100	bd	2
Red718	em	718	100	bd	1
Red718	ex	648	43	bd	1
Red718	ex	696	100	bd	2
RedFluor710	em	705	100	bl	1
RedFluor710	ex	687	99	bl	1
Resazurin	em	584	100	th	1
Resazurin	ex	571	100	th	1
Resorufin	em	584	100	th	1
Resorufin	ex	571	100	th	1
Rhod-2 (CalciumBound)	em	577	100	th	1
Rhod-2 (CalciumBound)	ex	553	100	th	1
Rhod-5N (CalciumBound)	em	580	100	th	1
Rhod-5N (CalciumBound)	ex	557	100	th	1
Rhodamine110	em	520	100	th	1
Rhodamine110	ex	333	12	th	1
Rhodamine110	ex	497	100	th	2
Rhodamine123	em	529	100	th	1
Rhodamine123	ex	507	100	th	1
Rhodamine6G	em	547	100	th	1
Rhodamine6G	ex	525	100	th	1
RhodamineGreen	em	524	100	th	1
RhodamineGreen	ex	332	14	th	1
RhodamineGreen	ex	497	100	th	2
RhodamineRed	em	591	100	th	1
RhodamineRed	ex	535	46	th	1
RhodamineRed	ex	573	100	th	2
Riboflavin	em	531	100	bl	1
Riboflavin	ex	445	26	bl	1
SBFI (SodiumBound)	em	526	100	th	1
SBFI (SodiumBound)	ex	337	100	th	1
SBFI (SodiumFree)	em	556	37	th	1
SBFI (SodiumFree)	ex	341	23	th	1
SNARF1@PH6	em	587	100	th	1
SNARF1@PH6	ex	381	31	th	1
SNARF1@PH6	ex	517	95	th	2
SNARF1@PH6	ex	549	100	th	3
SNARF1@PH9	em	640	100	th	1
SNARF1@PH9	ex	399	17	th	1
SNARF1@PH9	ex	576	100	th	2
SYBR14	em	520	100	th	1
SYBR14	ex	489	100	th	1
SYBRGold	em	539	100	th	1
SYBRGold	ex	496	100	th	1
SYBRGreen	em	521	100	th	1
SYBRGreen	ex	370	13	th	1
SYBRGreen	ex	497	100	th	2
SYBRSafe	em	525	100	th	1
SYBRSafe	ex	509	100	th	1
SYPROOrangeProteinGelStain	em	584	100	th	1
SYPROOrangeProteinGelStain	ex	491	100	th	1
SYPRORubyProteinGelStain	em	631	100	th	1
SYPRORubyProteinGelStain	ex	468	100	th	1
SYTO11	em	525	100	th	1
SYTO11	ex	507	100	th	1
SYTO13	em	506	100	th	1
SYTO13	ex	488	100	th	1
SYTO14	em	525	100	th	1
SYTO14	ex	507	100	th	1
SYTO16	em	520	100	th	1
SYTO16	ex	489	100	th	1
SYTO17	em	637	100	th	1
SYTO17	ex	332	16	th	1
SYTO17	ex	619	100	th	2
SYTO40	em	375	17	th	1
SYTO40	em	447	100	th	2
SYTO40	ex	423	100	th	1
SYTO41	em	374	11	th	1
SYTO41	em	453	100	th	2
SYTO41	ex	425	100	th	1
SYTO42	em	376	30	th	1
SYTO42	em	472	100	th	2
SYTO42	ex	436	100	th	1
SYTO43	em	473	100	th	1
SYTO43	ex	442	100	th	1
SYTO44	em	386	26	th	1
SYTO44	em	477	100	th	2
SYTO44	ex	449	100	th	1
SYTO45	em	486	99	th	1
SYTO45	ex	451	100	th	1
SYTO59	em	644	100	th	1
SYTO59	ex	322	14	th	1
SYTO59	ex	622	100	th	2
SYTO60	em	681	100	th	1
SYTO60	ex	650	100	th	1
SYTO61	em	651	100	th	1
SYTO61	ex	618	100	th	1
SYTO62	em	681	100	th	1
SYTO62	ex	650	100	th	1
SYTO80	em	613	100	th	1
SYTO80	ex	536	100	th	1
SYTO81	em	554	100	th	1
SYTO81	ex	498	75	th	1
SYTO81	ex	536	100	th	2
SYTO82	em	559	100	th	1
SYTO82	ex	540	100	th	1
SYTO83	em	567	100	th	1
SYTO83	em	696	19	th	2
SYTO83	ex	543	100	th	1
SYTO84	em	646	100	th	1
SYTO84	ex	568	100	th	1
SYTO85	em	590	100	th	1
SYTO85	ex	569	100	th	1
SYTO9	em	500	100	th	1
SYTO9	ex	483	100	th	1
SYTOXAADvanced	em	646	100	th	1
SYTOXAADvanced	ex	547	100	th	1
SYTOXBlue	em	470	100	bl	1
SYTOXBlue	ex	445	100	bl	1
SYTOXBlue	em	470	100	th	1
SYTOXBlue	ex	445	100	th	1
SYTOXDeepRed	em	680	100	th	1
SYTOXDeepRed	ex	613	36	th	1
SYTOXDeepRed	ex	660	100	th	2
SYTOXGreen	em	524	100	bl	1
SYTOXGreen	ex	304	14	bl	1
SYTOXGreen	ex	504	100	bl	2
SYTOXGreen	em	524	100	th	1
SYTOXGreen	ex	304	14	th	1
SYTOXGreen	ex	504	100	th	2
SYTOXOrange	em	570	100	th	1
SYTOXOrange	ex	547	100	th	1
SYTOXRed	em	658	100	bl	1
SYTOXRed	ex	641	100	bl	1
SYTOXRed	em	658	100	th	1
SYTOXRed	ex	641	100	th	1
SparkBlue488	em	516	100	bl	1
SparkBlue488	ex	308	20	bl	1
SparkBlue488	ex	333	11	bl	2
SparkBlue488	ex	492	100	bl	3
SparkBlue515	em	511	100	bl	1
SparkBlue515	ex	490	100	bl	1
SparkBlue515	em	511	100	th	1
SparkBlue515	ex	490	100	th	1
SparkBlue550	em	538	100	bd	1
SparkBlue550	ex	319	13	bd	1
SparkBlue550	ex	392	13	bd	2
SparkBlue550	ex	517	100	bd	3
SparkBlue550	em	537	100	bl	1
SparkBlue550	ex	318	12	bl	1
SparkBlue550	ex	391	13	bl	2
SparkBlue550	ex	516	100	bl	3
SparkBlue550	em	536	100	th	1
SparkBlue550	ex	516	100	th	1
SparkBlue574	em	575	100	bd	1
SparkBlue574	ex	331	25	bd	1
SparkBlue574	ex	504	100	bd	2
SparkBlue574	em	573	100	bl	1
SparkBlue574	ex	331	30	bl	1
SparkBlue574	ex	506	100	bl	2
SparkBlue574	em	573	100	th	1
SparkBlue574	ex	331	30	th	1
SparkBlue574	ex	505	100	th	2
SparkNIR685	em	686	100	bd	1
SparkNIR685	ex	668	100	bd	1
SparkNIR685	em	684	100	bl	1
SparkNIR685	ex	669	100	bl	1
SparkNIR685	em	684	100	th	1
SparkNIR685	ex	669	100	th	1
SparkPlusB550	em	539	100	bd	1
SparkPlusB550	ex	391	14	bd	1
SparkPlusB550	ex	517	100	bd	2
SparkPlusB550	em	537	100	bl	1
SparkPlusB550	ex	316	13	bl	1
SparkPlusB550	ex	389	13	bl	2
SparkPlusB550	ex	516	100	bl	3
SparkPlusUV395	em	385	99	bd	1
SparkPlusUV395	em	406	92	bd	2
SparkPlusUV395	ex	322	48	bd	1
SparkPlusUV395	ex	355	100	bd	2
SparkPlusUV395	ex	370	95	bd	3
SparkPlusUV395	em	388	100	bl	1
SparkPlusUV395	em	408	90	bl	2
SparkPlusUV395	ex	355	100	bl	1
SparkRed718	em	717	100	bd	1
SparkRed718	ex	365	11	bd	1
SparkRed718	ex	649	44	bd	2
SparkRed718	ex	697	100	bd	3
SparkRed718	em	712	100	bl	1
SparkRed718	ex	365	13	bl	1
SparkRed718	ex	649	43	bl	2
SparkRed718	ex	697	100	bl	3
SparkRed718	em	712	100	th	1
SparkRed718	ex	365	13	th	1
SparkRed718	ex	649	43	th	2
SparkRed718	ex	697	100	th	3
SparkUV387	em	373	97	bd	1
SparkUV387	em	389	100	bd	2
SparkUV387	ex	315	53	bd	1
SparkUV387	ex	343	100	bd	2
SparkUV387	ex	356	97	bd	3
SparkUV387	em	389	100	bl	1
SparkUV387	ex	314	61	bl	1
SparkUV387	ex	343	100	bl	2
SparkUV387	ex	354	99	bl	3
SparkUV387	em	389	100	th	1
SparkUV387	ex	313	61	th	1
SparkUV387	ex	343	100	th	2
SparkViolet423	em	415	100	bd	1
SparkViolet423	ex	377	79	bd	1
SparkViolet423	ex	400	98	bd	2
SparkViolet423	em	414	100	bl	1
SparkViolet423	ex	379	78	bl	1
SparkViolet423	ex	400	100	bl	2
SparkViolet423	em	414	100	th	1
SparkViolet423	ex	378	78	th	1
SparkViolet423	ex	400	100	th	2
SparkViolet500	em	502	100	bl	1
SparkViolet500	ex	392	100	bl	1
SparkViolet500	em	502	100	th	1
SparkViolet500	ex	392	100	th	1
SparkViolet538	em	544	100	bd	1
SparkViolet538	ex	395	100	bd	1
SparkViolet538	em	535	100	bl	1
SparkViolet538	ex	399	100	bl	1
SparkViolet538	em	536	100	th	1
SparkViolet538	ex	393	100	th	1
SparkYG570	em	563	100	bl	1
SparkYG570	ex	513	39	bl	1
SparkYG570	ex	547	99	bl	2
SparkYG570	em	563	100	th	1
SparkYG570	ex	513	39	th	1
SparkYG570	ex	547	99	th	2
SparkYG581	em	580	100	bd	1
SparkYG581	ex	526	33	bd	1
SparkYG581	ex	564	100	bd	2
SparkYG581	em	582	99	bl	1
SparkYG581	ex	528	31	bl	1
SparkYG581	ex	564	100	bl	2
SparkYG581	em	582	99	th	1
SparkYG581	ex	525	31	th	1
SparkYG581	ex	564	100	th	2
SparkYG593	em	593	100	bd	1
SparkYG593	em	637	56	bd	2
SparkYG593	ex	542	63	bd	1
SparkYG593	ex	576	100	bd	2
SparkYG593	em	593	100	bl	1
SparkYG593	ex	541	82	bl	1
SparkYG593	ex	575	100	bl	2
SparkYG593	em	593	100	th	1
SparkYG593	ex	541	82	th	1
SparkYG593	ex	575	100	th	2
StarBrightBlue580	em	581	100	bd	1
StarBrightBlue580	ex	320	60	bd	1
StarBrightBlue580	ex	475	100	bd	2
StarBrightBlue615	em	610	100	bd	1
StarBrightBlue615	ex	319	60	bd	1
StarBrightBlue615	ex	475	100	bd	2
StarBrightBlue675	em	672	100	bd	1
StarBrightBlue675	ex	321	61	bd	1
StarBrightBlue675	ex	475	100	bd	2
StarBrightBlue700	em	704	100	bd	1
StarBrightBlue700	ex	320	68	bd	1
StarBrightBlue700	ex	396	55	bd	2
StarBrightBlue700	ex	470	100	bd	3
StarBrightBlue700	em	705	100	bl	1
StarBrightBlue700	ex	320	65	bl	1
StarBrightBlue700	ex	400	53	bl	2
StarBrightBlue700	ex	471	100	bl	3
StarBrightBlue765	em	769	100	bd	1
StarBrightBlue765	ex	321	65	bd	1
StarBrightBlue765	ex	472	100	bd	2
StarBrightBlue810	em	805	100	bd	1
StarBrightBlue810	ex	321	64	bd	1
StarBrightBlue810	ex	471	100	bd	2
StarBrightRed670	em	663	100	bd	1
StarBrightRed670	ex	327	100	bd	1
StarBrightRed670	ex	360	54	bd	2
StarBrightRed670	ex	599	35	bd	3
StarBrightRed670	ex	652	100	bd	4
StarBrightRed775	em	768	100	bd	1
StarBrightRed775	ex	326	97	bd	1
StarBrightRed775	ex	360	61	bd	2
StarBrightRed775	ex	601	36	bd	3
StarBrightRed775	ex	653	100	bd	4
StarBrightRed775	ex	712	27	bd	5
StarBrightUV400	em	392	100	bd	1
StarBrightUV400	ex	334	100	bd	1
StarBrightUV445	em	439	100	bd	1
StarBrightUV445	ex	347	100	bd	1
StarBrightUV510	em	513	100	bd	1
StarBrightUV510	ex	339	100	bd	1
StarBrightUV575	em	569	100	bl	1
StarBrightUV575	ex	340	100	bl	1
StarBrightUV740	em	393	18	bd	1
StarBrightUV740	em	742	100	bd	2
StarBrightUV740	ex	342	100	bd	1
StarBrightUV740	em	735	99	bl	1
StarBrightUV740	ex	342	100	bl	1
StarBrightUV795	em	792	100	bl	1
StarBrightUV795	ex	340	100	bl	1
StarBrightViolet440	em	436	100	bl	1
StarBrightViolet440	em	464	41	bl	2
StarBrightViolet440	em	496	12	bl	3
StarBrightViolet440	ex	383	100	bl	1
StarBrightViolet475	em	477	100	bd	1
StarBrightViolet475	em	509	68	bd	2
StarBrightViolet475	ex	404	100	bd	1
StarBrightViolet515	em	515	99	bd	1
StarBrightViolet515	ex	402	100	bd	1
StarBrightViolet515	em	516	100	bl	1
StarBrightViolet515	ex	402	100	bl	1
StarBrightViolet570	em	567	100	bd	1
StarBrightViolet570	ex	402	100	bd	1
StarBrightViolet610	em	607	100	bl	1
StarBrightViolet610	ex	402	100	bl	1
StarBrightViolet670	em	664	100	bd	1
StarBrightViolet670	em	725	21	bd	2
StarBrightViolet670	ex	401	100	bd	1
StarBrightViolet670	em	667	100	bl	1
StarBrightViolet670	ex	400	100	bl	1
StarBrightViolet760	em	753	100	bd	1
StarBrightViolet760	ex	401	100	bd	1
StarBrightYellow575	em	578	100	bd	1
StarBrightYellow575	ex	338	100	bd	1
StarBrightYellow575	ex	547	100	bd	2
StarBrightYellow605	em	605	100	bd	1
StarBrightYellow605	ex	336	100	bd	1
StarBrightYellow605	ex	386	40	bd	2
StarBrightYellow605	ex	572	100	bd	3
StarBrightYellow665	em	668	100	bd	1
StarBrightYellow665	ex	332	54	bd	1
StarBrightYellow665	ex	554	100	bd	2
StarBrightYellow720	em	715	100	bd	1
StarBrightYellow720	ex	333	54	bd	1
StarBrightYellow720	ex	548	100	bd	2
StarBrightYellow800	em	786	100	bd	1
StarBrightYellow800	ex	333	49	bd	1
StarBrightYellow800	ex	549	100	bd	2
Sulforhodamine101	em	593	100	th	1
Sulforhodamine101	ex	314	15	th	1
Sulforhodamine101	ex	540	27	th	2
Sulforhodamine101	ex	578	100	th	3
SuperBright436	em	429	99	bd	1
SuperBright436	em	456	44	bd	2
SuperBright436	ex	414	100	bd	1
SuperBright436	em	431	100	bl	1
SuperBright436	em	459	49	bl	2
SuperBright436	ex	414	100	bl	1
SuperBright436	em	431	100	th	1
SuperBright436	em	459	50	th	2
SuperBright436	ex	414	100	th	1
SuperBright600	em	599	100	bd	1
SuperBright600	em	645	43	bd	2
SuperBright600	ex	414	100	bd	1
SuperBright600	ex	549	12	bd	2
SuperBright600	ex	586	21	bd	3
SuperBright600	em	600	100	bl	1
SuperBright600	ex	414	100	bl	1
SuperBright600	ex	549	14	bl	2
SuperBright600	ex	585	23	bl	3
SuperBright600	em	600	100	th	1
SuperBright600	ex	413	100	th	1
SuperBright600	ex	549	14	th	2
SuperBright600	ex	585	24	th	3
SuperBright645	em	644	100	bd	1
SuperBright645	ex	414	100	bd	1
SuperBright645	ex	626	23	bd	2
SuperBright645	em	645	100	bl	1
SuperBright645	ex	414	100	bl	1
SuperBright645	ex	628	25	bl	2
SuperBright645	em	645	100	th	1
SuperBright645	ex	414	100	th	1
SuperBright645	ex	628	25	th	2
SuperBright702	em	428	28	bd	1
SuperBright702	em	456	13	bd	2
SuperBright702	em	703	100	bd	3
SuperBright702	ex	414	100	bd	1
SuperBright702	ex	684	25	bd	2
SuperBright702	em	431	49	bl	1
SuperBright702	em	458	26	bl	2
SuperBright702	em	702	100	bl	3
SuperBright702	ex	413	100	bl	1
SuperBright702	ex	683	23	bl	2
SuperBright702	em	431	50	th	1
SuperBright702	em	457	26	th	2
SuperBright702	em	702	100	th	3
SuperBright702	ex	413	100	th	1
SuperBright702	ex	683	23	th	2
SuperBright780	em	428	25	bd	1
SuperBright780	em	456	12	bd	2
SuperBright780	em	782	100	bd	3
SuperBright780	ex	413	100	bd	1
SuperBright780	ex	756	28	bd	2
SuperBright780	em	430	39	bl	1
SuperBright780	em	458	20	bl	2
SuperBright780	em	780	98	bl	3
SuperBright780	ex	413	100	bl	1
SuperBright780	ex	755	32	bl	2
SuperBright780	em	432	68	th	1
SuperBright780	em	459	36	th	2
SuperBright780	em	780	100	th	3
SuperBright780	ex	412	100	th	1
SuperBright780	ex	755	32	th	2
TAMRA TRITC	em	578	100	th	1
TAMRA TRITC	ex	552	100	th	1
TO-PRO-1	em	531	100	th	1
TO-PRO-1	ex	515	100	th	1
TO-PRO-3	em	657	100	bl	1
TO-PRO-3	ex	642	100	bl	1
TO-PRO-3	em	657	100	th	1
TO-PRO-3	ex	642	101	th	1
TOTO-1	em	531	100	th	1
TOTO-1	ex	514	100	th	1
TOTO-3	em	661	100	th	1
TOTO-3	ex	341	14	th	1
TOTO-3	ex	642	100	th	2
TRI-COLOR	em	671	100	th	1
TRI-COLOR	ex	499	63	th	1
TRI-COLOR	ex	566	100	th	2
TRI-COLOR	ex	651	89	th	3
TRITC	em	578	100	bl	1
TRITC	ex	552	100	bl	1
Tag-itViolet	em	456	100	bl	1
Tag-itViolet	ex	390	100	bl	1
TetraSpeckBlue	em	442	100	th	1
TetraSpeckBlue	ex	350	100	th	1
TetraSpeckOrange	em	560	100	th	1
TetraSpeckOrange	ex	540	100	th	1
TexasRed	em	613	100	th	1
TexasRed	ex	551	32	th	1
TexasRed	ex	595	100	th	2
ThiolTrackerViolet	em	527	100	th	1
ThiolTrackerViolet	ex	406	100	th	1
TotalROSAssay520Nm	em	517	100	th	1
TotalROSAssay520Nm	ex	498	100	th	1
TubulinTrackerDeepRed	em	676	100	th	1
TubulinTrackerDeepRed	ex	653	100	th	1
V450	em	446	100	bd	1
V450	ex	405	100	bd	1
V450	em	450	99	bl	1
V450	ex	406	99	bl	1
V450	em	449	100	th	1
V450	ex	414	100	th	1
V500	em	506	100	bd	1
V500	ex	428	100	bd	1
V500	em	502	99	bl	1
V500	ex	413	99	bl	1
V500	em	502	100	th	1
V500	ex	436	100	th	1
VPD450	em	445	100	bd	1
VPD450	ex	410	100	bd	1
Via-ProbeGreen	em	535	100	bd	1
Via-ProbeGreen	ex	512	100	bd	1
Via-ProbeRed	em	651	100	bd	1
Via-ProbeRed	ex	631	100	bd	1
ViewRNAFastBlue	em	753	100	th	1
ViewRNAFastBlue	ex	343	47	th	1
ViewRNAFastBlue	ex	361	48	th	2
ViewRNAFastBlue	ex	610	97	th	3
ViewRNAFastBlue	ex	628	95	th	4
ViewRNAFastBlue	ex	663	100	th	5
ViewRNAFastRed	em	674	100	th	1
ViewRNAFastRed	ex	311	14	th	1
ViewRNAFastRed	ex	365	11	th	2
ViewRNAFastRed	ex	536	99	th	3
ViewRNAFastRed	ex	572	100	th	4
Vio488	em	512	99	bl	1
Vio488	ex	489	99	bl	1
Vio515	em	510	100	bd	1
Vio515	ex	313	26	bd	1
Vio515	ex	490	100	bd	2
Vio515	em	514	100	bl	1
Vio515	ex	490	99	bl	1
Vio667	em	661	100	bd	1
Vio667	ex	645	100	bd	1
Vio667	em	667	100	bl	1
Vio667	ex	645	100	bl	1
VioBlue	em	448	100	bd	1
VioBlue	ex	402	100	bd	1
VioBlue	em	447	99	bl	1
VioBlue	ex	400	99	bl	1
VioBlue	em	450	100	th	1
VioBlue	ex	402	100	th	1
VioBright423	em	417	99	bd	1
VioBright423	em	442	52	bd	2
VioBright423	ex	399	100	bd	1
VioBright515	em	511	100	bd	1
VioBright515	ex	311	21	bd	1
VioBright515	ex	337	12	bd	2
VioBright515	ex	489	100	bd	3
VioBright515	em	514	100	bl	1
VioBright515	ex	489	99	bl	1
VioBright667	em	661	100	bd	1
VioBright667	ex	644	100	bd	1
VioBright667	em	667	100	bl	1
VioBright667	ex	645	100	bl	1
VioBright720	em	714	100	bd	1
VioBright720	ex	645	60	bd	1
VioBright720	ex	692	100	bd	2
VioBrightFITC	em	519	100	bd	1
VioBrightFITC	ex	323	13	bd	1
VioBrightFITC	ex	496	100	bd	2
VioBrightFITC	em	522	99	bl	1
VioBrightFITC	ex	496	99	bl	1
VioGreen	em	528	100	bd	1
VioGreen	ex	385	100	bd	1
VioGreen	em	521	98	bl	1
VioGreen	ex	391	99	bl	1
VioGreen	em	526	100	th	1
VioGreen	ex	386	100	th	1
VioletFluor450	em	449	99	bl	1
VioletFluor450	ex	404	99	bl	1
VioletFluor500	em	496	100	bd	1
VioletFluor500	ex	420	100	bd	1
VioletMembraneAsymmetryProbe (F2N12S)	em	571	100	th	1
VioletMembraneAsymmetryProbe (F2N12S)	ex	421	100	th	1
VybrantDyeCycleGreen	em	533	99	bl	1
VybrantDyeCycleGreen	ex	506	100	bl	1
VybrantDyeCycleGreen	em	533	100	th	1
VybrantDyeCycleGreen	ex	506	100	th	1
VybrantDyeCycleOrange	em	563	100	bl	1
VybrantDyeCycleOrange	ex	519	100	bl	1
VybrantDyeCycleOrange	em	563	100	th	1
VybrantDyeCycleOrange	ex	518	100	th	1
VybrantDyeCycleRuby	em	686	99	bl	1
VybrantDyeCycleRuby	em	724	89	bl	2
VybrantDyeCycleRuby	ex	638	99	bl	1
VybrantDyeCycleRuby	em	686	100	th	1
VybrantDyeCycleRuby	em	725	89	th	2
VybrantDyeCycleRuby	ex	603	87	th	1
VybrantDyeCycleRuby	ex	638	100	th	2
VybrantDyeCycleViolet	em	436	99	bl	1
VybrantDyeCycleViolet	ex	370	99	bl	1
VybrantDyeCycleViolet	em	436	100	th	1
VybrantDyeCycleViolet	ex	370	100	th	1
X-Rhod-1 (CalciumBound)	em	602	100	th	1
X-Rhod-1 (CalciumBound)	ex	544	40	th	1
X-Rhod-1 (CalciumBound)	ex	580	100	th	2
X-Rhod-5F (CalciumBound)	em	607	100	th	1
X-Rhod-5F (CalciumBound)	ex	582	100	th	1
XylanaseSubstrate	em	450	100	th	1
XylanaseSubstrate	ex	358	100	th	1
YFP	em	529	100	bl	1
YFP	ex	515	100	bl	1
YFP	em	529	100	th	1
YFP	ex	514	100	th	1
YO-PRO-1	em	507	100	th	1
YO-PRO-1	ex	491	100	th	1
YO-PRO-3	em	629	100	th	1
YO-PRO-3	ex	613	100	th	1
YOYO-1	em	508	100	th	1
YOYO-1	ex	491	100	th	1
YOYO-3	em	631	100	th	1
YOYO-3	ex	311	14	th	1
YOYO-3	ex	612	101	th	2
YeastVacuoleMembraneMarker (MDY-64)	em	498	100	th	1
YeastVacuoleMembraneMarker (MDY-64)	ex	458	100	th	1
ZombieAqua	em	510	100	bl	1
ZombieAqua	ex	382	100	bl	1
ZombieAqua	em	510	100	th	1
ZombieAqua	ex	382	100	th	1
ZombieB550	em	536	100	bl	1
ZombieB550	ex	517	100	bl	1
ZombieB550	em	536	100	th	1
ZombieB550	ex	516	100	th	1
ZombieGreen	em	515	100	bl	1
ZombieGreen	ex	312	22	bl	1
ZombieGreen	ex	491	100	bl	2
ZombieGreen	em	515	100	th	1
ZombieGreen	ex	312	22	th	1
ZombieGreen	ex	491	100	th	2
ZombieNIR	em	752	100	bd	1
ZombieNIR	ex	311	21	bd	1
ZombieNIR	ex	719	100	bd	2
ZombieNIR	em	746	100	bl	1
ZombieNIR	ex	267	15	bl	1
ZombieNIR	ex	719	99	bl	2
ZombieNIR	em	746	100	th	1
ZombieNIR	ex	718	100	th	1
ZombieR685	em	684	100	bd	1
ZombieR685	ex	666	100	bd	1
ZombieR685	em	684	100	bl	1
ZombieR685	ex	669	100	bl	1
ZombieR685	em	684	100	th	1
ZombieR685	ex	669	100	th	1
ZombieR718	em	717	100	bd	1
ZombieR718	ex	649	41	bd	1
ZombieR718	ex	695	100	bd	2
ZombieR718	em	712	100	bl	1
ZombieR718	ex	365	13	bl	1
ZombieR718	ex	649	43	bl	2
ZombieR718	ex	697	100	bl	3
ZombieR718	em	713	100	th	1
ZombieR718	ex	363	13	th	1
ZombieR718	ex	697	100	th	2
ZombieRed	em	622	100	bd	1
ZombieRed	ex	558	34	bd	1
ZombieRed	ex	599	100	bd	2
ZombieRed	em	624	100	bl	1
ZombieRed	ex	558	36	bl	1
ZombieRed	ex	600	100	bl	2
ZombieRed	em	624	100	th	1
ZombieRed	ex	558	36	th	1
ZombieRed	ex	600	100	th	2
ZombieUV	em	437	100	bd	1
ZombieUV	ex	362	100	bd	1
ZombieUV	em	456	100	bl	1
ZombieUV	ex	360	100	bl	1
ZombieUV	em	456	100	th	1
ZombieUV	ex	360	100	th	1
ZombieUV387	em	389	100	bl	1
ZombieUV387	ex	314	61	bl	1
ZombieUV387	ex	343	100	bl	2
ZombieUV387	ex	354	99	bl	3
ZombieViolet	em	414	100	bd	1
ZombieViolet	ex	378	77	bd	1
ZombieViolet	ex	399	98	bd	2
ZombieViolet	em	422	100	bl	1
ZombieViolet	ex	378	87	bl	1
ZombieViolet	ex	400	99	bl	2
ZombieViolet	em	422	100	th	1
ZombieViolet	ex	378	88	th	1
ZombieViolet	ex	400	100	th	2
ZombieYG581	em	580	100	bd	1
ZombieYG581	ex	526	32	bd	1
ZombieYG581	ex	564	100	bd	2
ZombieYG581	em	582	99	bl	1
ZombieYG581	ex	528	31	bl	1
ZombieYG581	ex	564	100	bl	2
ZombieYG581	em	582	99	th	1
ZombieYG581	ex	525	31	th	1
ZombieYG581	ex	564	100	th	2
ZombieYellow	em	586	100	bd	1
ZombieYellow	ex	397	100	bd	1
ZombieYellow	em	572	100	bl	1
ZombieYellow	ex	396	100	bl	1
ZombieYellow	em	572	100	th	1
ZombieYellow	ex	396	100	th	1
ZsGreen	em	515	100	bl	1
ZsGreen	ex	504	100	bl	1
cFluorB515	em	512	100	bd	1
cFluorB515	ex	303	98	bd	1
cFluorB515	ex	491	100	bd	2
cFluorB532	em	520	100	bd	1
cFluorB532	ex	342	14	bd	1
cFluorB532	ex	503	100	bd	2
cFluorB548	em	538	100	bd	1
cFluorB548	ex	383	13	bd	1
cFluorB548	ex	517	100	bd	2
cFluorB675	em	675	98	bd	1
cFluorB675	em	735	13	bd	2
cFluorB675	ex	441	84	bd	1
cFluorB675	ex	483	100	bd	2
cFluorB675	ex	673	25	bd	3
cFluorB690	em	676	99	bd	1
cFluorB690	ex	441	84	bd	1
cFluorB690	ex	483	100	bd	2
cFluorB690	ex	630	15	bd	3
cFluorB690	ex	673	43	bd	4
cFluorBYG667	em	667	100	bd	1
cFluorBYG667	ex	370	11	bd	1
cFluorBYG667	ex	494	74	bd	2
cFluorBYG667	ex	565	99	bd	3
cFluorBYG667	ex	653	32	bd	4
cFluorBYG750	em	749	100	bd	1
cFluorBYG750	ex	380	13	bd	1
cFluorBYG750	ex	495	70	bd	2
cFluorBYG750	ex	565	99	bd	3
cFluorBYG750	ex	664	26	bd	4
cFluorBYG750	ex	722	48	bd	5
cFluorBYG781	em	779	100	bd	1
cFluorBYG781	ex	369	13	bd	1
cFluorBYG781	ex	495	71	bd	2
cFluorBYG781	ex	565	99	bd	3
cFluorBYG781	ex	754	45	bd	4
cFluorV450	em	451	100	bd	1
cFluorV450	ex	401	100	bd	1
cFluorV450	ex	482	46	bd	2
cFluorV610	em	616	100	bd	1
cFluorV610	ex	405	36	bd	1
cFluorV610	ex	555	37	bd	2
cFluorV610	ex	596	100	bd	3
cFluorYG584	em	579	100	bd	1
cFluorYG584	ex	526	32	bd	1
cFluorYG584	ex	563	100	bd	2
dTomato	em	581	99	bl	1
dTomato	ex	555	99	bl	1
eBFP	em	440	100	bd	1
eBFP	ex	380	100	bd	1
eBFP	em	439	100	bl	1
eBFP	ex	380	100	bl	1
eCFP	em	477	100	bd	1
eCFP	em	502	91	bd	2
eCFP	ex	436	100	bd	1
eCFP	em	477	100	bl	1
eCFP	em	503	90	bl	2
eCFP	ex	435	100	bl	1
eCFP	ex	451	96	bl	2
eFluor450	em	443	100	bd	1
eFluor450	ex	409	100	bd	1
eFluor450	em	445	99	bl	1
eFluor450	ex	406	99	bl	1
eFluor450	em	445	100	th	1
eFluor450	ex	405	100	th	1
eFluor506	em	493	100	bd	1
eFluor506	ex	416	100	bd	1
eFluor506	em	509	100	bl	1
eFluor506	ex	420	100	bl	1
eFluor506	em	509	100	th	1
eFluor506	ex	420	100	th	1
eFluor520FixableViability	em	521	99	bl	1
eFluor520FixableViability	ex	321	14	bl	1
eFluor520FixableViability	ex	493	99	bl	2
eFluor565	em	561	99	bl	1
eFluor565	ex	302	89	bl	1
eFluor565	ex	551	11	bl	2
eFluor570	em	569	100	th	1
eFluor570	ex	523	51	th	1
eFluor570	ex	556	100	th	2
eFluor605	em	605	98	bl	1
eFluor605	ex	301	98	bl	1
eFluor615	em	614	100	th	1
eFluor615	ex	595	100	th	1
eFluor650	em	654	98	bl	1
eFluor650	ex	303	98	bl	1
eFluor660	em	670	100	bd	1
eFluor660	ex	654	100	bd	1
eFluor660	em	668	100	bl	1
eFluor660	ex	651	100	bl	1
eFluor660	em	668	100	th	1
eFluor660	ex	651	100	th	1
eFluor700	em	680	100	bl	1
eFluor700	ex	300	100	bl	1
eFluor710	em	709	100	th	1
eFluor710	ex	642	34	th	1
eFluor710	ex	690	100	th	2
eGFP	em	510	100	bd	1
eGFP	ex	489	100	bd	1
eGFP	em	510	100	th	1
eGFP	ex	489	100	th	1
eRFP	em	608	100	bd	1
eRFP	ex	343	20	bd	1
eRFP	ex	379	21	bd	2
eRFP	ex	503	59	bd	3
eRFP	ex	585	100	bd	4
eYFP	em	529	100	bd	1
eYFP	ex	515	99	bd	1
eYFP	em	529	100	th	1
eYFP	ex	514	100	th	1
mBanana	em	553	100	th	1
mBanana	ex	540	100	th	1
mCherry	em	610	100	bd	1
mCherry	ex	344	23	bd	1
mCherry	ex	586	100	bd	2
mCherry	em	610	100	bl	1
mCherry	ex	344	23	bl	1
mCherry	ex	366	12	bl	2
mCherry	ex	586	100	bl	3
mCherry	em	610	100	th	1
mCherry	ex	586	100	th	1
mHoneyDew	em	562	100	th	1
mHoneyDew	ex	478	100	th	1
mHoneyDew	ex	503	92	th	2
mOrange	em	562	100	th	1
mOrange	ex	515	52	th	1
mOrange	ex	548	100	th	2
mPlum	em	651	99	bl	1
mPlum	ex	588	100	bl	1
mPlum	em	647	100	th	1
mPlum	ex	589	100	th	1
mRaspberry	em	624	100	th	1
mRaspberry	ex	598	100	th	1
mScarlet	em	593	100	th	1
mScarlet	ex	570	100	th	1
mTangerine	em	585	100	th	1
mTangerine	ex	568	100	th	1
pHrodoGreenAM	em	533	100	bd	1
pHrodoGreenAM	ex	509	100	bd	1
pHrodoRedAM	em	586	100	bd	1
pHrodoRedAM	ex	559	100	bd	1
tdTomato	em	581	100	bd	1
tdTomato	ex	335	19	bd	1
tdTomato	ex	555	100	bd	2
tdTomato	em	581	100	th	1
tdTomato	ex	555	100	th	1
